,Derives_from,Accession,Name,Arm,Chromosome,Strand,Start,End
0,MI0000114,MIMAT0000104,hsa-miR-107,07,chr10,-,89592756,89592778
1,MI0000240,MIMAT0000228,hsa-miR-198,98,chr3,-,120395703,120395724
2,MI0000262,MIMAT0000251,hsa-miR-147a,7a,chr9,-,120244985,120245004
3,MI0000481,MIMAT0000454,hsa-miR-184,84,chr15,+,79209840,79209861
4,MI0000490,MIMAT0000462,hsa-miR-206,06,chr6,+,52144401,52144422
5,MI0000808,MIMAT0000756,hsa-miR-326,26,chr11,-,75335108,75335127
6,MI0000822,MIMAT0000770,hsa-miR-133b,3b,chr6,+,52148988,52149009
7,MI0000824,MIMAT0000771,hsa-miR-325,25,chrX,-,77005464,77005486
8,MI0000826,MIMAT0000773,hsa-miR-346,46,chr10,-,86264747,86264769
9,MI0001145,MIMAT0001075,hsa-miR-384,84,chrX,-,76919285,76919304
10,MI0001444,MIMAT0001339,hsa-miR-422a,2a,chr15,-,63870989,63871010
11,MI0001637,MIMAT0001532,hsa-miR-448,48,chrX,+,114823524,114823545
12,MI0001641,MIMAT0001536,hsa-miR-429,29,chr1,+,1169055,1169076
13,MI0001648,MIMAT0001541,hsa-miR-449a,9a,chr5,-,55170586,55170607
14,MI0001729,MIMAT0001631,hsa-miR-451a,1a,chr17,-,28861403,28861424
15,MI0002468,MIMAT0002174,hsa-miR-484,84,chr16,+,15643301,15643322
16,MI0003131,MIMAT0002812,hsa-miR-492,92,chr12,+,94834427,94834449
17,MI0003136,MIMAT0002818,hsa-miR-496,96,chr14,+,101060628,101060649
18,MI0003156,MIMAT0002844,hsa-miR-518b,8b,chr19,+,53702787,53702808
19,MI0003163,MIMAT0002854,hsa-miR-521,21,chr19,+,53716647,53716668
20,MI0003176,MIMAT0002854,hsa-miR-521,21,chr19,+,53748689,53748710
21,MI0003175,MIMAT0002867,hsa-miR-520h,0h,chr19,+,53742566,53742587
22,MI0003179,MIMAT0002862,hsa-miR-527,27,chr19,+,53754031,53754050
23,MI0003194,MIMAT0002879,hsa-miR-507,07,chrX,-,147231002,147231022
24,MI0003515,MIMAT0003164,hsa-miR-544a,4a,chr14,+,101048712,101048733
25,MI0003556,MIMAT0003214,hsa-miR-551a,1a,chr1,-,3560710,3560730
26,MI0003558,MIMAT0003216,hsa-miR-553,53,chr1,+,100281256,100281276
27,MI0003559,MIMAT0003217,hsa-miR-554,54,chr1,+,151545811,151545831
28,MI0003561,MIMAT0003219,hsa-miR-555,55,chr1,-,155346365,155346385
29,MI0003563,MIMAT0003221,hsa-miR-557,57,chr1,+,168375584,168375606
30,MI0003564,MIMAT0003222,hsa-miR-558,58,chr2,+,32532213,32532231
31,MI0003565,MIMAT0003223,hsa-miR-559,59,chr2,+,47377690,47377710
32,MI0003568,MIMAT0003226,hsa-miR-562,62,chr2,+,232172713,232172732
33,MI0003569,MIMAT0003227,hsa-miR-563,63,chr3,+,15873822,15873840
34,MI0003570,MIMAT0003228,hsa-miR-564,64,chr3,+,44861903,44861921
35,MI0003573,MIMAT0003231,hsa-miR-567,67,chr3,+,112112816,112112838
36,MI0003574,MIMAT0003232,hsa-miR-568,68,chr3,-,114316535,114316554
37,MI0003576,MIMAT0003234,hsa-miR-569,69,chr3,-,171106679,171106699
38,MI0003578,MIMAT0003236,hsa-miR-571,71,chr4,+,350217,350237
39,MI0003579,MIMAT0003237,hsa-miR-572,72,chr4,+,11368887,11368906
40,MI0003580,MIMAT0003238,hsa-miR-573,73,chr4,-,24520252,24520275
41,MI0003582,MIMAT0003240,hsa-miR-575,75,chr4,-,82753352,82753370
42,MI0003584,MIMAT0003242,hsa-miR-577,77,chr4,+,114656774,114656794
43,MI0003585,MIMAT0003243,hsa-miR-578,78,chr4,+,165386302,165386322
44,MI0003588,MIMAT0003246,hsa-miR-581,81,chr5,-,53951564,53951584
45,MI0003590,MIMAT0003248,hsa-miR-583,83,chr5,+,96079153,96079173
46,MI0003594,MIMAT0003252,hsa-miR-586,86,chr6,-,45197734,45197755
47,MI0003595,MIMAT0003253,hsa-miR-587,87,chr6,+,106784140,106784160
48,MI0003597,MIMAT0003255,hsa-miR-588,88,chr6,+,126484646,126484666
49,MI0003603,MIMAT0003259,hsa-miR-591,91,chr7,-,96219722,96219741
50,MI0003604,MIMAT0003260,hsa-miR-592,92,chr7,-,127058148,127058169
51,MI0003607,MIMAT0003263,hsa-miR-595,95,chr7,-,158532733,158532753
52,MI0003608,MIMAT0003264,hsa-miR-596,96,chr8,+,1817246,1817266
53,MI0003611,MIMAT0003267,hsa-miR-599,99,chr8,-,99536651,99536670
54,MI0003613,MIMAT0003268,hsa-miR-600,00,chr9,-,123111561,123111583
55,MI0003614,MIMAT0003269,hsa-miR-601,01,chr9,-,123402567,123402588
56,MI0003615,MIMAT0003270,hsa-miR-602,02,chr9,+,137838434,137838456
57,MI0003616,MIMAT0003271,hsa-miR-603,03,chr10,+,24275745,24275766
58,MI0003617,MIMAT0003272,hsa-miR-604,04,chr10,-,29545019,29545037
59,MI0003619,MIMAT0003274,hsa-miR-606,06,chr10,+,75552518,75552538
60,MI0003620,MIMAT0003275,hsa-miR-607,07,chr10,-,96828684,96828704
61,MI0003621,MIMAT0003276,hsa-miR-608,08,chr10,+,100975000,100975024
62,MI0003622,MIMAT0003277,hsa-miR-609,09,chr10,-,104218849,104218868
63,MI0003623,MIMAT0003278,hsa-miR-610,10,chr11,+,28056830,28056850
64,MI0003624,MIMAT0003279,hsa-miR-611,11,chr11,-,61792500,61792522
65,MI0003625,MIMAT0003280,hsa-miR-612,12,chr11,+,65444473,65444497
66,MI0003626,MIMAT0003281,hsa-miR-613,13,chr12,+,12764709,12764728
67,MI0003627,MIMAT0003282,hsa-miR-614,14,chr12,+,12915882,12915904
68,MI0003631,MIMAT0003286,hsa-miR-617,17,chr12,-,80832593,80832614
69,MI0003632,MIMAT0003287,hsa-miR-618,18,chr12,-,80935796,80935818
70,MI0003634,MIMAT0003289,hsa-miR-620,20,chr12,-,116148575,116148594
71,MI0003635,MIMAT0003290,hsa-miR-621,21,chr13,+,40810826,40810846
72,MI0003636,MIMAT0003291,hsa-miR-622,22,chr13,+,90231242,90231262
73,MI0003637,MIMAT0003292,hsa-miR-623,23,chr13,+,99356146,99356168
74,MI0003640,MIMAT0003295,hsa-miR-626,26,chr15,+,41691645,41691663
75,MI0003644,MIMAT0003299,hsa-miR-630,30,chr15,+,72587277,72587298
76,MI0003645,MIMAT0003300,hsa-miR-631,31,chr15,-,75353650,75353670
77,MI0003647,MIMAT0003302,hsa-miR-632,32,chr17,+,32350169,32350187
78,MI0003648,MIMAT0003303,hsa-miR-633,33,chr17,+,62944275,62944297
79,MI0003649,MIMAT0003304,hsa-miR-634,34,chr17,+,66787132,66787153
80,MI0003650,MIMAT0003305,hsa-miR-635,35,chr17,-,68424511,68424533
81,MI0003651,MIMAT0003306,hsa-miR-636,36,chr17,-,76736466,76736488
82,MI0003652,MIMAT0003307,hsa-miR-637,37,chr19,-,3961429,3961452
83,MI0003653,MIMAT0003308,hsa-miR-638,38,chr19,+,10718419,10718443
84,MI0003654,MIMAT0003309,hsa-miR-639,39,chr19,+,14529603,14529625
85,MI0003655,MIMAT0003310,hsa-miR-640,40,chr19,+,19435123,19435143
86,MI0003656,MIMAT0003311,hsa-miR-641,41,chr19,-,40282603,40282626
87,MI0003658,MIMAT0003313,hsa-miR-643,43,chr19,+,52281857,52281878
88,MI0003659,MIMAT0003314,hsa-miR-644a,4a,chr20,+,34466385,34466403
89,MI0003660,MIMAT0003315,hsa-miR-645,45,chr20,+,50585846,50585864
90,MI0003661,MIMAT0003316,hsa-miR-646,46,chr20,+,60308534,60308552
91,MI0003662,MIMAT0003317,hsa-miR-647,47,chr20,-,63942691,63942711
92,MI0003663,MIMAT0003318,hsa-miR-648,48,chr22,-,17980928,17980946
93,MI0003664,MIMAT0003319,hsa-miR-649,49,chr22,-,21034191,21034212
94,MI0003665,MIMAT0003320,hsa-miR-650,50,chr22,+,22822791,22822811
95,MI0003669,MIMAT0003324,hsa-miR-661,61,chr8,-,143945206,143945229
96,MI0003670,MIMAT0003325,hsa-miR-662,62,chr16,+,770243,770263
97,MI0003672,MIMAT0003326,hsa-miR-663a,3a,chr20,-,26208243,26208264
98,MI0003681,MIMAT0003335,hsa-miR-657,57,chr17,-,81125291,81125313
99,MI0003682,MIMAT0003336,hsa-miR-658,58,chr22,-,37844287,37844311
100,MI0003685,MIMAT0003339,hsa-miR-421,21,chrX,-,74218392,74218414
101,MI0003758,MIMAT0005791,hsa-miR-1264,64,chrX,+,114652696,114652718
102,MI0003772,MIMAT0010214,hsa-miR-151b,1b,chr14,-,100109438,100109455
103,MI0003776,MIMAT0005792,hsa-miR-320b,0b,chr1,+,116671787,116671808
104,MI0003839,MIMAT0005792,hsa-miR-320b,0b,chr1,-,224257049,224257070
105,MI0003778,MIMAT0005793,hsa-miR-320c,0c,chr18,+,21683559,21683578
106,MI0008191,MIMAT0005793,hsa-miR-320c,0c,chr18,+,24321716,24321735
107,MI0003786,MIMAT0005795,hsa-miR-1323,23,chr19,+,53671978,53671999
108,MI0003832,MIMAT0005799,hsa-miR-1283,83,chr19,+,53688494,53688515
109,MI0006430,MIMAT0005799,hsa-miR-1283,83,chr19,+,53758245,53758266
110,MI0016749,MIMAT0018926,hsa-miR-378d,8d,chr4,-,5923279,5923298
111,MI0003840,MIMAT0018926,hsa-miR-378d,8d,chr8,-,93916079,93916098
112,MI0003892,MIMAT0010313,hsa-miR-762,62,chr16,+,30893951,30893972
113,MI0003906,MIMAT0004185,hsa-miR-802,02,chr21,+,35720732,35720754
114,MI0003939,MIMAT0009206,hsa-miR-2113,13,chr6,+,98024586,98024606
115,MI0003941,MIMAT0010364,hsa-miR-761,61,chr1,-,51836375,51836396
116,MI0003944,MIMAT0010367,hsa-miR-764,64,chrX,+,114639445,114639466
117,MI0004065,MIMAT0010497,hsa-miR-759,59,chr13,+,52810073,52810094
118,MI0005116,MIMAT0003945,hsa-miR-765,65,chr1,-,156936156,156936176
119,MI0005523,MIMAT0004901,hsa-miR-298,98,chr20,-,58818280,58818303
120,MI0005525,MIMAT0004903,hsa-miR-300,00,chr14,+,101041414,101041435
121,MI0005528,MIMAT0004907,hsa-miR-892a,2a,chrX,-,145996679,145996699
122,MI0005533,MIMAT0004912,hsa-miR-890,90,chrX,-,145994321,145994341
123,MI0005534,MIMAT0004913,hsa-miR-891b,1b,chrX,-,146001100,146001121
124,MI0005538,MIMAT0004918,hsa-miR-892b,2b,chrX,-,145997208,145997229
125,MI0005563,MIMAT0004952,hsa-miR-665,65,chr14,+,100875075,100875094
126,MI0005565,MIMAT0004954,hsa-miR-543,43,chr14,+,101032033,101032054
127,MI0005567,MIMAT0004957,hsa-miR-760,60,chr1,+,93846880,93846899
128,MI0005712,MIMAT0004970,hsa-miR-920,20,chr12,+,24212471,24212490
129,MI0005713,MIMAT0004971,hsa-miR-921,21,chr1,-,166154773,166154797
130,MI0005714,MIMAT0004972,hsa-miR-922,22,chr3,-,197674498,197674520
131,MI0005716,MIMAT0004974,hsa-miR-924,24,chr18,-,39622153,39622172
132,MI0005755,MIMAT0004976,hsa-miR-933,33,chr2,-,175167642,175167663
133,MI0005756,MIMAT0004977,hsa-miR-934,34,chrX,+,136550892,136550913
134,MI0005757,MIMAT0004978,hsa-miR-935,35,chr19,+,53982362,53982384
135,MI0005758,MIMAT0004979,hsa-miR-936,36,chr10,-,104048151,104048172
136,MI0005760,MIMAT0004981,hsa-miR-938,38,chr10,-,29602311,29602332
137,MI0005762,MIMAT0004983,hsa-miR-940,40,chr16,+,2271806,2271826
138,MI0005763,MIMAT0004984,hsa-miR-941,41,chr20,+,63919495,63919517
139,MI0005764,MIMAT0004984,hsa-miR-941,41,chr20,+,63919551,63919573
140,MI0005765,MIMAT0004984,hsa-miR-941,41,chr20,+,63919607,63919629
141,MI0005766,MIMAT0004984,hsa-miR-941,41,chr20,+,63919802,63919824
142,MI0031520,MIMAT0004984,hsa-miR-941,41,chr20,+,63919914,63919936
143,MI0005768,MIMAT0004986,hsa-miR-943,43,chr4,-,1986403,1986423
144,MI0005769,MIMAT0004987,hsa-miR-944,44,chr3,+,189829975,189829996
145,MI0005775,MIMAT0004450,hsa-miR-297,97,chr4,-,110860624,110860644
146,MI0006272,MIMAT0005824,hsa-miR-1179,79,chr15,+,88608121,88608141
147,MI0006274,MIMAT0005826,hsa-miR-1181,81,chr19,-,10403505,10403525
148,MI0006275,MIMAT0005827,hsa-miR-1182,82,chr1,-,231019841,231019863
149,MI0006276,MIMAT0005828,hsa-miR-1183,83,chr7,+,21471105,21471131
150,MI0006277,MIMAT0005829,hsa-miR-1184,84,chrX,-,154887376,154887398
151,MI0015971,MIMAT0005829,hsa-miR-1184,84,chrX,-,155383116,155383138
152,MI0015972,MIMAT0005829,hsa-miR-1184,84,chrX,+,155457577,155457599
153,MI0006321,MIMAT0005586,hsa-miR-1231,31,chr1,+,201808615,201808634
154,MI0006332,MIMAT0005863,hsa-miR-1200,00,chr7,-,36919403,36919424
155,MI0006334,MIMAT0005865,hsa-miR-1202,02,chr6,+,155946809,155946829
156,MI0006335,MIMAT0005866,hsa-miR-1203,03,chr17,-,48156486,48156506
157,MI0006336,MIMAT0005867,hsa-miR-663b,3b,chr2,-,132256970,132256991
158,MI0006337,MIMAT0005868,hsa-miR-1204,04,chr8,+,127795965,127795985
159,MI0006338,MIMAT0005869,hsa-miR-1205,05,chr8,+,127960640,127960659
160,MI0006339,MIMAT0005870,hsa-miR-1206,06,chr8,+,128008901,128008921
161,MI0006341,MIMAT0005873,hsa-miR-1208,08,chr8,+,128150127,128150146
162,MI0006348,MIMAT0005877,hsa-miR-1286,86,chr22,-,20249145,20249165
163,MI0006350,MIMAT0005879,hsa-miR-1289,89,chr20,-,35453990,35454012
164,MI0006351,MIMAT0005879,hsa-miR-1289,89,chr5,-,133427615,133427637
165,MI0006352,MIMAT0005880,hsa-miR-1290,90,chr1,-,18897078,18897096
166,MI0006353,MIMAT0005881,hsa-miR-1291,91,chr12,-,48654494,48654517
167,MI0006354,MIMAT0005882,hsa-miR-548k,8k,chr11,+,70283986,70284007
168,MI0006355,MIMAT0005883,hsa-miR-1293,93,chr12,-,50234182,50234203
169,MI0006356,MIMAT0005884,hsa-miR-1294,94,chr5,+,154347153,154347174
170,MI0006357,MIMAT0005885,hsa-miR-1295a,5a,chr1,-,171101738,171101758
171,MI0006358,MIMAT0005886,hsa-miR-1297,97,chr13,-,54311981,54311997
172,MI0006359,MIMAT0005887,hsa-miR-1299,99,chr9,-,40929010,40929031
173,MI0006361,MIMAT0005889,hsa-miR-548l,8l,chr11,-,94466545,94466566
174,MI0006363,MIMAT0005890,hsa-miR-1302,02,chr1,+,30438,30458
175,MI0006362,MIMAT0005890,hsa-miR-1302,02,chr12,-,112695082,112695102
176,MI0015979,MIMAT0005890,hsa-miR-1302,02,chr15,-,101960504,101960524
177,MI0015980,MIMAT0005890,hsa-miR-1302,02,chr19,+,72045,72065
178,MI0006364,MIMAT0005890,hsa-miR-1302,02,chr2,-,113583004,113583024
179,MI0006365,MIMAT0005890,hsa-miR-1302,02,chr2,-,207269328,207269348
180,MI0006366,MIMAT0005890,hsa-miR-1302,02,chr20,-,50614689,50614709
181,MI0006367,MIMAT0005890,hsa-miR-1302,02,chr7,-,18127234,18127254
182,MI0006368,MIMAT0005890,hsa-miR-1302,02,chr8,-,141786255,141786275
183,MI0015978,MIMAT0005890,hsa-miR-1302,02,chr9,+,30216,30236
184,MI0006369,MIMAT0005890,hsa-miR-1302,02,chr9,-,97363596,97363616
185,MI0006370,MIMAT0005891,hsa-miR-1303,03,chr5,+,154685827,154685848
186,MI0006372,MIMAT0005893,hsa-miR-1305,05,chr4,+,182169343,182169364
187,MI0006373,MIMAT0005894,hsa-miR-1243,43,chr4,+,113106867,113106888
188,MI0015975,MIMAT0005896,hsa-miR-1244,44,chr12,-,9239472,9239497
189,MI0031511,MIMAT0005896,hsa-miR-1244,44,chr12,+,12112006,12112031
190,MI0006379,MIMAT0005896,hsa-miR-1244,44,chr2,+,231713368,231713393
191,MI0015974,MIMAT0005896,hsa-miR-1244,44,chr5,+,118974640,118974665
192,MI0006380,MIMAT0005897,hsa-miR-1245a,5a,chr2,+,188978136,188978156
193,MI0006381,MIMAT0005898,hsa-miR-1246,46,chr2,-,176601024,176601042
194,MI0006383,MIMAT0005900,hsa-miR-1248,48,chr3,+,186786675,186786701
195,MI0006387,MIMAT0005904,hsa-miR-1253,53,chr17,-,2748139,2748159
196,MI0006389,MIMAT0005906,hsa-miR-1255a,5a,chr4,-,101330365,101330387
197,MI0006390,MIMAT0005907,hsa-miR-1256,56,chr1,-,20988377,20988398
198,MI0006391,MIMAT0005908,hsa-miR-1257,57,chr20,-,61953621,61953641
199,MI0006392,MIMAT0005909,hsa-miR-1258,58,chr2,-,179860845,179860865
200,MI0006394,MIMAT0005911,hsa-miR-1260a,0a,chr14,+,77266231,77266248
201,MI0006396,MIMAT0005913,hsa-miR-1261,61,chr11,-,90869180,90869198
202,MI0006397,MIMAT0005914,hsa-miR-1262,62,chr1,-,68183576,68183597
203,MI0006398,MIMAT0005915,hsa-miR-1263,63,chr3,-,164171523,164171544
204,MI0006399,MIMAT0005916,hsa-miR-548n,8n,chr7,-,34940804,34940825
205,MI0006400,MIMAT0005917,hsa-miR-548m,8m,chrX,-,95063192,95063212
206,MI0006401,MIMAT0005918,hsa-miR-1265,65,chr10,+,14436589,14436610
207,MI0006404,MIMAT0005921,hsa-miR-1267,67,chr13,-,107531217,107531237
208,MI0006405,MIMAT0005922,hsa-miR-1268a,8a,chr15,-,22225308,22225325
209,MI0006406,MIMAT0005923,hsa-miR-1269a,9a,chr4,+,66276890,66276911
210,MI0006407,MIMAT0005924,hsa-miR-1270,70,chr19,-,20399320,20399342
211,MI0006408,MIMAT0005925,hsa-miR-1272,72,chr15,-,64762471,64762496
212,MI0006415,MIMAT0005929,hsa-miR-1275,75,chr6,-,34000018,34000034
213,MI0006416,MIMAT0005930,hsa-miR-1276,76,chr15,-,85770548,85770567
214,MI0006417,MIMAT0005931,hsa-miR-302e,2e,chr11,+,7234771,7234787
215,MI0006418,MIMAT0005932,hsa-miR-302f,2f,chr18,+,30298936,30298952
216,MI0006420,MIMAT0005934,hsa-miR-548p,8p,chr5,-,100816498,100816519
217,MI0006421,MIMAT0005935,hsa-miR-548i,8i,chr3,-,125790493,125790514
218,MI0006422,MIMAT0005935,hsa-miR-548i,8i,chr4,-,9556257,9556278
219,MI0006423,MIMAT0005935,hsa-miR-548i,8i,chr8,-,8089030,8089051
220,MI0006424,MIMAT0005935,hsa-miR-548i,8i,chrX,-,84225797,84225818
221,MI0006425,MIMAT0005936,hsa-miR-1278,78,chr1,+,193136552,193136573
222,MI0006426,MIMAT0005937,hsa-miR-1279,79,chr12,-,69273188,69273204
223,MI0006428,MIMAT0005939,hsa-miR-1281,81,chr22,+,41092545,41092561
224,MI0006429,MIMAT0005940,hsa-miR-1282,82,chr15,-,43793732,43793751
225,MI0006431,MIMAT0005941,hsa-miR-1284,84,chr3,-,71542039,71542060
226,MI0006652,MIMAT0005952,hsa-miR-1321,21,chrX,+,85835832,85835849
227,MI0006653,MIMAT0005953,hsa-miR-1322,22,chr8,-,10825375,10825393
228,MI0006656,MIMAT0005955,hsa-miR-1197,97,chr14,+,101025620,101025640
229,MI0006657,MIMAT0005956,hsa-miR-1324,24,chr3,+,75630823,75630846
230,MI0007074,MIMAT0007347,hsa-miR-1469,69,chr15,+,96333261,96333282
231,MI0007075,MIMAT0007348,hsa-miR-1470,70,chr19,+,15449548,15449568
232,MI0007076,MIMAT0007349,hsa-miR-1471,71,chr2,-,231892277,231892298
233,MI0007259,MIMAT0007400,hsa-miR-1538,38,chr16,-,69565808,69565830
234,MI0007260,MIMAT0007401,hsa-miR-1539,39,chr18,+,49487402,49487422
235,MI0007262,MIMAT0007402,hsa-miR-103b,3b,chr20,-,3917541,3917563
236,MI0007261,MIMAT0007402,hsa-miR-103b,3b,chr5,+,168560904,168560926
237,MI0008190,MIMAT0006764,hsa-miR-320d,0d,chr13,-,40727828,40727846
238,MI0008192,MIMAT0006764,hsa-miR-320d,0d,chrX,-,140926172,140926190
239,MI0008193,MIMAT0006765,hsa-miR-1825,25,chr20,+,32237830,32237847
240,MI0008195,MIMAT0006767,hsa-miR-1827,27,chr12,+,100189932,100189949
241,MI0008334,MIMAT0007888,hsa-miR-1913,13,chr6,-,166509364,166509385
242,MI0009982,MIMAT0009447,hsa-miR-1972,72,chr16,-,15010329,15010350
243,MI0015977,MIMAT0009447,hsa-miR-1972,72,chr16,+,70030393,70030414
244,MI0009986,MIMAT0009451,hsa-miR-1976,76,chr1,+,26554574,26554593
245,MI0010486,MIMAT0009977,hsa-miR-2052,52,chr8,+,74705694,74705713
246,MI0010487,MIMAT0009978,hsa-miR-2053,53,chr8,+,112643553,112643575
247,MI0010488,MIMAT0009979,hsa-miR-2054,54,chr4,+,125507259,125507281
248,MI0010629,MIMAT0010133,hsa-miR-2110,10,chr10,-,114174151,114174172
249,MI0010636,MIMAT0011162,hsa-miR-2117,17,chr17,+,43444856,43444876
250,MI0010637,MIMAT0011163,hsa-miR-548q,8q,chr10,-,12725325,12725346
251,MI0011285,MIMAT0011778,hsa-miR-2278,78,chr9,+,94809977,94809998
252,MI0012488,MIMAT0012734,hsa-miR-711,11,chr3,-,48578914,48578935
253,MI0012489,MIMAT0012735,hsa-miR-718,18,chrX,-,154019928,154019948
254,MI0013006,MIMAT0013802,hsa-miR-2861,61,chr9,+,127785971,127785989
255,MI0013083,MIMAT0013863,hsa-miR-2909,09,chr17,+,37033748,37033768
256,MI0014127,MIMAT0014977,hsa-miR-3115,15,chr1,+,23044310,23044329
257,MI0014128,MIMAT0014978,hsa-miR-3116,16,chr1,+,62078830,62078851
258,MI0014129,MIMAT0014978,hsa-miR-3116,16,chr1,-,62078794,62078815
259,MI0014132,MIMAT0014980,hsa-miR-3118,18,chr15,+,20832838,20832860
260,MI0014133,MIMAT0014980,hsa-miR-3118,18,chr15,+,21406428,21406450
261,MI0014207,MIMAT0014980,hsa-miR-3118,18,chr15,+,21843793,21843815
262,MI0014131,MIMAT0014980,hsa-miR-3118,18,chr21,-,13644784,13644806
263,MI0014134,MIMAT0014981,hsa-miR-3119,19,chr1,-,170151435,170151454
264,MI0014135,MIMAT0014981,hsa-miR-3119,19,chr1,+,170151386,170151405
265,MI0014138,MIMAT0014984,hsa-miR-3122,22,chr1,+,212077622,212077643
266,MI0014139,MIMAT0014985,hsa-miR-3123,23,chr1,+,241132320,241132336
267,MI0014141,MIMAT0014987,hsa-miR-548s,8s,chr2,+,11767495,11767517
268,MI0014142,MIMAT0014988,hsa-miR-3125,25,chr2,+,12737376,12737395
269,MI0014145,MIMAT0014991,hsa-miR-3128,28,chr2,-,177255984,177256006
270,MI0014151,MIMAT0014996,hsa-miR-3131,31,chr2,-,219058725,219058747
271,MI0014152,MIMAT0014997,hsa-miR-3132,32,chr2,-,219549117,219549140
272,MI0014153,MIMAT0014998,hsa-miR-3133,33,chr2,+,241477914,241477935
273,MI0014154,MIMAT0014999,hsa-miR-378b,8b,chr3,+,10330262,10330280
274,MI0014155,MIMAT0015000,hsa-miR-3134,34,chr3,-,15697305,15697327
275,MI0014156,MIMAT0015001,hsa-miR-3135a,5a,chr3,+,20137574,20137595
276,MI0014157,MIMAT0015002,hsa-miR-466,66,chr3,-,31161714,31161736
277,MI0014159,MIMAT0015004,hsa-miR-544b,4b,chr3,+,124732486,124732507
278,MI0014160,MIMAT0015005,hsa-miR-3137,37,chr3,-,195134551,195134574
279,MI0014161,MIMAT0015006,hsa-miR-3138,38,chr4,-,10078622,10078645
280,MI0014162,MIMAT0015007,hsa-miR-3139,39,chr4,+,143343469,143343491
281,MI0014165,MIMAT0015010,hsa-miR-3141,41,chr5,-,154596045,154596063
282,MI0014166,MIMAT0015011,hsa-miR-3142,42,chr5,+,160474450,160474471
283,MI0014167,MIMAT0015012,hsa-miR-3143,43,chr6,+,27147629,27147653
284,MI0014168,MIMAT0015013,hsa-miR-548u,8u,chr6,+,57390180,57390202
285,MI0014171,MIMAT0015017,hsa-miR-1273c,3c,chr6,+,154853369,154853390
286,MI0014172,MIMAT0015018,hsa-miR-3146,46,chr7,-,19705366,19705387
287,MI0014173,MIMAT0015019,hsa-miR-3147,47,chr7,+,57405030,57405053
288,MI0014174,MIMAT0015020,hsa-miR-548v,8v,chr8,-,17681588,17681609
289,MI0014175,MIMAT0015021,hsa-miR-3148,48,chr8,-,29957318,29957339
290,MI0014176,MIMAT0015022,hsa-miR-3149,49,chr8,-,76966778,76966800
291,MI0014180,MIMAT0015026,hsa-miR-3153,53,chr9,+,89312274,89312296
292,MI0014182,MIMAT0015028,hsa-miR-3154,54,chr9,-,128244956,128244977
293,MI0014183,MIMAT0015029,hsa-miR-3155a,5a,chr10,+,6152247,6152267
294,MI0014188,MIMAT0015033,hsa-miR-3159,59,chr11,+,18387796,18387817
295,MI0014191,MIMAT0015035,hsa-miR-3161,61,chr11,+,48096791,48096813
296,MI0014193,MIMAT0015037,hsa-miR-3163,63,chr11,-,66934476,66934497
297,MI0014194,MIMAT0015038,hsa-miR-3164,64,chr11,+,69083185,69083206
298,MI0014195,MIMAT0015039,hsa-miR-3165,65,chr11,-,72072272,72072293
299,MI0014196,MIMAT0015040,hsa-miR-3166,66,chr11,+,88176561,88176583
300,MI0014197,MIMAT0015041,hsa-miR-1260b,0b,chr11,+,96341447,96341465
301,MI0014198,MIMAT0015042,hsa-miR-3167,67,chr11,-,126988468,126988489
302,MI0014199,MIMAT0015043,hsa-miR-3168,68,chr13,-,41101076,41101092
303,MI0014200,MIMAT0015044,hsa-miR-3169,69,chr13,-,61199848,61199869
304,MI0014201,MIMAT0015045,hsa-miR-3170,70,chr13,+,98208533,98208554
305,MI0014202,MIMAT0015046,hsa-miR-3171,71,chr14,-,27633246,27633269
306,MI0014205,MIMAT0015049,hsa-miR-1193,93,chr14,+,101030061,101030083
307,MI0014208,MIMAT0015051,hsa-miR-3174,74,chr15,+,90006764,90006786
308,MI0014209,MIMAT0015052,hsa-miR-3175,75,chr15,+,92904408,92904429
309,MI0014210,MIMAT0015053,hsa-miR-3176,76,chr16,+,543336,543354
310,MI0014212,MIMAT0015055,hsa-miR-3178,78,chr16,-,2531979,2531995
311,MI0014213,MIMAT0015056,hsa-miR-3179,79,chr16,+,14901559,14901580
312,MI0014216,MIMAT0015056,hsa-miR-3179,79,chr16,+,16300210,16300231
313,MI0014221,MIMAT0015056,hsa-miR-3179,79,chr16,-,18411905,18411926
314,MI0031510,MIMAT0015056,hsa-miR-3179,79,chr16,-,18494504,18494525
315,MI0014222,MIMAT0015060,hsa-miR-548w,8w,chr16,+,26025246,26025268
316,MI0014223,MIMAT0015061,hsa-miR-3181,81,chr16,+,50742313,50742331
317,MI0014224,MIMAT0015062,hsa-miR-3182,82,chr16,+,83508349,83508365
318,MI0014225,MIMAT0015063,hsa-miR-3183,83,chr17,-,1022529,1022550
319,MI0014227,MIMAT0015065,hsa-miR-3185,85,chr17,-,48724446,48724468
320,MI0014232,MIMAT0015070,hsa-miR-3188,88,chr19,+,18282129,18282151
321,MI0014234,MIMAT0015072,hsa-miR-320e,0e,chr19,-,46709294,46709311
322,MI0014238,MIMAT0015077,hsa-miR-3193,93,chr20,+,31607186,31607207
323,MI0014240,MIMAT0015079,hsa-miR-3195,95,chr20,+,62064812,62064828
324,MI0014241,MIMAT0015080,hsa-miR-3196,96,chr20,+,63238788,63238805
325,MI0014245,MIMAT0015082,hsa-miR-3197,97,chr21,+,41167564,41167586
326,MI0017335,MIMAT0015083,hsa-miR-3198,98,chr12,-,54231407,54231428
327,MI0014246,MIMAT0015083,hsa-miR-3198,98,chr22,-,17764190,17764211
328,MI0014247,MIMAT0015084,hsa-miR-3199,99,chr22,-,27920581,27920603
329,MI0014248,MIMAT0015084,hsa-miR-3199,99,chr22,+,27920535,27920557
330,MI0014250,MIMAT0015086,hsa-miR-3201,01,chr22,+,48274364,48274380
331,MI0014252,MIMAT0015089,hsa-miR-3202,02,chrX,+,153981105,153981126
332,MI0014253,MIMAT0015089,hsa-miR-3202,02,chrX,-,153981148,153981169
333,MI0015822,MIMAT0016844,hsa-miR-4295,95,chr10,+,112634180,112634197
334,MI0015823,MIMAT0016845,hsa-miR-4296,96,chr10,-,125032844,125032860
335,MI0015824,MIMAT0016846,hsa-miR-4297,97,chr10,-,129843349,129843364
336,MI0015825,MIMAT0016847,hsa-miR-378c,8c,chr10,-,130962634,130962658
337,MI0015826,MIMAT0016848,hsa-miR-4293,93,chr10,-,14383210,14383226
338,MI0015827,MIMAT0016849,hsa-miR-4294,94,chr10,-,48985561,48985577
339,MI0015828,MIMAT0016850,hsa-miR-4301,01,chr11,-,113450059,113450078
340,MI0015829,MIMAT0016851,hsa-miR-4299,99,chr11,-,11656661,11656678
341,MI0015830,MIMAT0016852,hsa-miR-4298,98,chr11,-,1859505,1859526
342,MI0015831,MIMAT0016853,hsa-miR-4300,00,chr11,-,81890751,81890768
343,MI0015832,MIMAT0016854,hsa-miR-4304,04,chr12,-,123010702,123010718
344,MI0015833,MIMAT0016855,hsa-miR-4302,02,chr12,-,25874052,25874069
345,MI0015834,MIMAT0016856,hsa-miR-4303,03,chr12,-,97995422,97995438
346,MI0015835,MIMAT0016857,hsa-miR-4305,05,chr13,-,39664108,39664125
347,MI0015836,MIMAT0016858,hsa-miR-4306,06,chr13,+,99643123,99643139
348,MI0015837,MIMAT0016859,hsa-miR-4309,09,chr14,+,102539654,102539671
349,MI0015838,MIMAT0016860,hsa-miR-4307,07,chr14,+,26908697,26908715
350,MI0015839,MIMAT0016861,hsa-miR-4308,08,chr14,-,54878123,54878140
351,MI0015840,MIMAT0016862,hsa-miR-4310,10,chr15,-,41866505,41866520
352,MI0015841,MIMAT0016863,hsa-miR-4311,11,chr15,+,66040243,66040260
353,MI0015842,MIMAT0016864,hsa-miR-4312,12,chr15,-,68801860,68801878
354,MI0015843,MIMAT0016865,hsa-miR-4313,13,chr15,-,75762286,75762305
355,MI0015844,MIMAT0016866,hsa-miR-4315,15,chr17,-,45475408,45475425
356,MI0015983,MIMAT0016866,hsa-miR-4315,15,chr17,-,64822075,64822092
357,MI0015845,MIMAT0016867,hsa-miR-4316,16,chr17,-,77397028,77397044
358,MI0015846,MIMAT0016868,hsa-miR-4314,14,chr17,+,8088066,8088083
359,MI0015847,MIMAT0016869,hsa-miR-4318,18,chr18,+,37657189,37657205
360,MI0015848,MIMAT0016870,hsa-miR-4319,19,chr18,-,44970140,44970156
361,MI0015849,MIMAT0016871,hsa-miR-4320,20,chr18,-,50126509,50126526
362,MI0015850,MIMAT0016872,hsa-miR-4317,17,chr18,-,6374399,6374415
363,MI0015851,MIMAT0016873,hsa-miR-4322,22,chr19,+,10230455,10230475
364,MI0015852,MIMAT0016874,hsa-miR-4321,21,chr19,+,2250688,2250708
365,MI0015853,MIMAT0016875,hsa-miR-4323,23,chr19,-,42133455,42133472
366,MI0015854,MIMAT0016876,hsa-miR-4324,24,chr19,-,49308807,49308826
367,MI0015855,MIMAT0016877,hsa-miR-4256,56,chr1,-,112461806,112461823
368,MI0015856,MIMAT0016878,hsa-miR-4257,57,chr1,+,150551987,150552004
369,MI0015857,MIMAT0016879,hsa-miR-4258,58,chr1,+,154975703,154975719
370,MI0015858,MIMAT0016880,hsa-miR-4259,59,chr1,-,159899989,159900010
371,MI0015859,MIMAT0016881,hsa-miR-4260,60,chr1,-,209623482,209623500
372,MI0015860,MIMAT0016882,hsa-miR-4253,53,chr1,-,22863169,22863186
373,MI0015861,MIMAT0016883,hsa-miR-4251,51,chr1,+,3128009,3128025
374,MI0015862,MIMAT0016884,hsa-miR-4254,54,chr1,-,31758670,31758692
375,MI0015863,MIMAT0016885,hsa-miR-4255,55,chr1,+,37161573,37161589
376,MI0015864,MIMAT0016886,hsa-miR-4252,52,chr1,-,6429844,6429862
377,MI0015865,MIMAT0016887,hsa-miR-4325,25,chr20,-,57321564,57321581
378,MI0015866,MIMAT0016888,hsa-miR-4326,26,chr20,+,63286818,63286837
379,MI0015867,MIMAT0016889,hsa-miR-4327,27,chr21,-,30375350,30375368
380,MI0015868,MIMAT0016890,hsa-miR-4261,61,chr2,-,10192624,10192639
381,MI0015869,MIMAT0016891,hsa-miR-4265,65,chr2,-,109141500,109141518
382,MI0015870,MIMAT0016892,hsa-miR-4266,66,chr2,-,109313581,109313596
383,MI0015871,MIMAT0016893,hsa-miR-4267,67,chr2,-,110070017,110070032
384,MI0015872,MIMAT0016894,hsa-miR-4262,62,chr2,-,11836943,11836959
385,MI0015874,MIMAT0016896,hsa-miR-4268,68,chr2,-,219906512,219906532
386,MI0015875,MIMAT0016897,hsa-miR-4269,69,chr2,+,239305472,239305492
387,MI0015876,MIMAT0016898,hsa-miR-4263,63,chr2,+,27996422,27996439
388,MI0015877,MIMAT0016899,hsa-miR-4264,64,chr2,-,79649333,79649349
389,MI0015878,MIMAT0016900,hsa-miR-4270,70,chr3,-,15496279,15496298
390,MI0015879,MIMAT0016901,hsa-miR-4271,71,chr3,+,49274158,49274176
391,MI0015880,MIMAT0016902,hsa-miR-4272,72,chr3,+,67225500,67225517
392,MI0015881,MIMAT0016903,hsa-miR-4273,73,chr3,+,75738290,75738307
393,MI0015882,MIMAT0016904,hsa-miR-4276,76,chr4,+,174423805,174423821
394,MI0015883,MIMAT0016905,hsa-miR-4275,75,chr4,+,28819592,28819608
395,MI0015884,MIMAT0016906,hsa-miR-4274,74,chr4,+,7460091,7460108
396,MI0015885,MIMAT0016907,hsa-miR-4281,81,chr5,-,176629449,176629466
397,MI0015886,MIMAT0016908,hsa-miR-4277,77,chr5,-,1708838,1708858
398,MI0015887,MIMAT0016909,hsa-miR-4279,79,chr5,-,31936112,31936127
399,MI0015888,MIMAT0016910,hsa-miR-4278,78,chr5,-,6827863,6827880
400,MI0015889,MIMAT0016911,hsa-miR-4280,80,chr5,-,87114924,87114944
401,MI0015890,MIMAT0016912,hsa-miR-4282,82,chr6,-,72967697,72967714
402,MI0015891,MIMAT0016913,hsa-miR-4285,85,chr7,+,102293113,102293130
403,MI0015892,MIMAT0016914,hsa-miR-4283,83,chr7,-,56955838,56955854
404,MI0015982,MIMAT0016914,hsa-miR-4283,83,chr7,+,63621100,63621116
405,MI0015893,MIMAT0016915,hsa-miR-4284,84,chr7,+,73711327,73711344
406,MI0015894,MIMAT0016916,hsa-miR-4286,86,chr8,+,10666988,10667004
407,MI0015895,MIMAT0016917,hsa-miR-4287,87,chr8,-,27886088,27886106
408,MI0015896,MIMAT0016918,hsa-miR-4288,88,chr8,-,28505126,28505142
409,MI0015897,MIMAT0016919,hsa-miR-4292,92,chr9,+,136830996,136831013
410,MI0015898,MIMAT0016920,hsa-miR-4289,89,chr9,-,88745877,88745895
411,MI0015899,MIMAT0016921,hsa-miR-4290,90,chr9,-,90023451,90023469
412,MI0015900,MIMAT0016922,hsa-miR-4291,91,chr9,+,93819367,93819382
413,MI0015901,MIMAT0016923,hsa-miR-4329,29,chrX,-,112780728,112780746
414,MI0015902,MIMAT0016924,hsa-miR-4330,30,chrX,+,151168298,151168316
415,MI0015904,MIMAT0016926,hsa-miR-4328,28,chrX,-,78901204,78901220
416,MI0015999,MIMAT0017986,hsa-miR-3609,09,chr7,+,98881700,98881723
417,MI0016000,MIMAT0017987,hsa-miR-3610,10,chr8,-,116874740,116874759
418,MI0016001,MIMAT0017988,hsa-miR-3611,11,chr10,-,35079609,35079629
419,MI0016002,MIMAT0017989,hsa-miR-3612,12,chr12,+,128294105,128294126
420,MI0016005,MIMAT0017994,hsa-miR-3615,15,chr17,+,74748663,74748683
421,MI0016008,MIMAT0017998,hsa-miR-3618,18,chr22,+,20085797,20085818
422,MI0016010,MIMAT0018000,hsa-miR-23c,3c,chrX,-,20017101,20017122
423,MI0016012,MIMAT0018002,hsa-miR-3621,21,chr9,-,137169236,137169255
424,MI0016046,MIMAT0018065,hsa-miR-3646,46,chr20,+,44408177,44408198
425,MI0016048,MIMAT0018068,hsa-miR-3648,48,chr21,+,8208500,8208520
426,MI0031512,MIMAT0018068,hsa-miR-3648,48,chr21,+,8987026,8987046
427,MI0016049,MIMAT0018069,hsa-miR-3649,49,chr12,-,1660316,1660334
428,MI0016050,MIMAT0018070,hsa-miR-3650,50,chr5,-,38557540,38557558
429,MI0016051,MIMAT0018071,hsa-miR-3651,51,chr9,-,92292461,92292484
430,MI0016052,MIMAT0018072,hsa-miR-3652,52,chr12,+,103930425,103930442
431,MI0016054,MIMAT0018074,hsa-miR-3654,54,chr7,-,133034860,133034878
432,MI0016055,MIMAT0018075,hsa-miR-3655,55,chr5,+,140647844,140647864
433,MI0016057,MIMAT0018077,hsa-miR-3657,57,chr12,-,112037627,112037647
434,MI0016058,MIMAT0018078,hsa-miR-3658,58,chr1,+,165907923,165907944
435,MI0016060,MIMAT0018080,hsa-miR-3659,59,chr1,+,38089289,38089309
436,MI0016061,MIMAT0018081,hsa-miR-3660,60,chr5,-,90016641,90016661
437,MI0016062,MIMAT0018082,hsa-miR-3661,61,chr5,+,134225777,134225798
438,MI0016063,MIMAT0018083,hsa-miR-3662,62,chr6,-,134979355,134979378
439,MI0016066,MIMAT0018087,hsa-miR-3665,65,chr13,-,77698075,77698092
440,MI0016067,MIMAT0018088,hsa-miR-3666,66,chr7,+,114653373,114653393
441,MI0016069,MIMAT0018091,hsa-miR-3668,68,chr6,+,140205260,140205280
442,MI0016071,MIMAT0018093,hsa-miR-3670,70,chr16,+,14907756,14907779
443,MI0019112,MIMAT0018093,hsa-miR-3670,70,chr16,+,16306409,16306432
444,MI0031513,MIMAT0018093,hsa-miR-3670,70,chr16,-,18405700,18405723
445,MI0031514,MIMAT0018093,hsa-miR-3670,70,chr16,-,18488303,18488326
446,MI0016072,MIMAT0018094,hsa-miR-3671,71,chr1,-,65057762,65057783
447,MI0016073,MIMAT0018095,hsa-miR-3672,72,chrX,+,121370986,121371008
448,MI0016075,MIMAT0018097,hsa-miR-3674,74,chr8,+,1801133,1801154
449,MI0016084,MIMAT0018111,hsa-miR-3683,83,chr7,-,7067010,7067031
450,MI0016085,MIMAT0018112,hsa-miR-3684,84,chr4,+,98997434,98997454
451,MI0016086,MIMAT0018113,hsa-miR-3685,85,chr12,+,95309928,95309949
452,MI0016087,MIMAT0018114,hsa-miR-3686,86,chr8,-,129484067,129484088
453,MI0016091,MIMAT0018119,hsa-miR-3690,90,chrX,+,1293927,1293949
454,MI0023561,MIMAT0018119,hsa-miR-3690,90,chrY,+,1293927,1293949
455,MI0016135,MIMAT0018165,hsa-miR-3714,14,chr3,+,16933196,16933217
456,MI0016409,MIMAT0018178,hsa-miR-3180,80,chr16,-,2136076,2136094
457,MI0016408,MIMAT0018178,hsa-miR-3180,80,chr16,-,15154949,15154967
458,MI0016410,MIMAT0018179,hsa-miR-3907,07,chr7,-,151433526,151433547
459,MI0016412,MIMAT0018182,hsa-miR-3908,08,chr12,+,123536413,123536434
460,MI0016413,MIMAT0018183,hsa-miR-3909,09,chr22,+,35335710,35335731
461,MI0016414,MIMAT0018184,hsa-miR-3910,10,chr9,+,91636313,91636332
462,MI0016431,MIMAT0018184,hsa-miR-3910,10,chr9,-,91636277,91636296
463,MI0016415,MIMAT0018185,hsa-miR-3911,11,chr9,-,127690763,127690784
464,MI0016419,MIMAT0018188,hsa-miR-3914,14,chr7,-,71307687,71307708
465,MI0016421,MIMAT0018188,hsa-miR-3914,14,chr7,+,71307734,71307755
466,MI0016420,MIMAT0018189,hsa-miR-3915,15,chrX,-,32583711,32583732
467,MI0016422,MIMAT0018190,hsa-miR-3916,16,chr1,-,247202016,247202041
468,MI0016423,MIMAT0018191,hsa-miR-3917,17,chr1,-,25906384,25906403
469,MI0016424,MIMAT0018192,hsa-miR-3918,18,chr6,-,158764715,158764735
470,MI0016425,MIMAT0018193,hsa-miR-3919,19,chr3,+,159282700,159282720
471,MI0016427,MIMAT0018195,hsa-miR-3920,20,chr11,-,101519834,101519855
472,MI0016428,MIMAT0018196,hsa-miR-3921,21,chr3,-,99964325,99964347
473,MI0016430,MIMAT0018198,hsa-miR-3923,23,chr3,+,79507937,79507958
474,MI0016432,MIMAT0018199,hsa-miR-3924,24,chr10,-,57304489,57304510
475,MI0016434,MIMAT0018201,hsa-miR-3926,26,chr8,-,12727274,12727294
476,MI0016437,MIMAT0018201,hsa-miR-3926,26,chr8,+,12727242,12727262
477,MI0016439,MIMAT0018206,hsa-miR-3929,29,chr18,-,35934088,35934110
478,MI0016591,MIMAT0018350,hsa-miR-3935,35,chr16,+,56245577,56245598
479,MI0016592,MIMAT0018351,hsa-miR-3936,36,chr5,-,132365513,132365534
480,MI0016593,MIMAT0018352,hsa-miR-3937,37,chrX,+,39661276,39661298
481,MI0016594,MIMAT0018353,hsa-miR-3938,38,chr3,-,55852515,55852536
482,MI0016595,MIMAT0018354,hsa-miR-548y,8y,chr14,-,47761061,47761082
483,MI0016596,MIMAT0018355,hsa-miR-3939,39,chr6,-,166997830,166997851
484,MI0016598,MIMAT0018357,hsa-miR-3941,41,chr10,+,122417024,122417045
485,MI0016600,MIMAT0018359,hsa-miR-3943,43,chr7,+,43150917,43150939
486,MI0016602,MIMAT0018361,hsa-miR-3945,45,chr4,-,184851066,184851088
487,MI0016688,MIMAT0018446,hsa-miR-548z,8z,chr12,-,64622530,64622552
488,MI0016690,MIMAT0018447,hsa-miR-548aa,aa,chr17,+,67471543,67471567
489,MI0016689,MIMAT0018447,hsa-miR-548aa,aa,chr8,+,123348088,123348112
490,MI0016748,MIMAT0018925,hsa-miR-1268b,8b,chr17,+,80098831,80098850
491,MI0016750,MIMAT0018927,hsa-miR-378e,8e,chr5,+,170028545,170028563
492,MI0016752,MIMAT0018928,hsa-miR-548ab,ab,chr3,-,103524085,103524106
493,MI0016754,MIMAT0018930,hsa-miR-4418,18,chr1,+,22266277,22266294
494,MI0016756,MIMAT0018932,hsa-miR-378f,8f,chr1,+,23929121,23929140
495,MI0016757,MIMAT0018933,hsa-miR-4420,20,chr1,-,30739158,30739179
496,MI0016758,MIMAT0018934,hsa-miR-4421,21,chr1,+,51059879,51059900
497,MI0016759,MIMAT0018935,hsa-miR-4422,22,chr1,+,55225656,55225676
498,MI0016762,MIMAT0018938,hsa-miR-548ac,ac,chr1,-,116560038,116560059
499,MI0016763,MIMAT0018939,hsa-miR-4424,24,chr1,+,178677763,178677784
500,MI0016764,MIMAT0018940,hsa-miR-4425,25,chr1,+,25023552,25023573
501,MI0016765,MIMAT0018941,hsa-miR-4426,26,chr1,+,192716333,192716349
502,MI0016766,MIMAT0018942,hsa-miR-4427,27,chr1,+,233624195,233624215
503,MI0016767,MIMAT0018943,hsa-miR-4428,28,chr1,+,237471164,237471185
504,MI0016768,MIMAT0018944,hsa-miR-4429,29,chr2,-,11540652,11540671
505,MI0016769,MIMAT0018945,hsa-miR-4430,30,chr2,+,33418519,33418536
506,MI0016771,MIMAT0018947,hsa-miR-4431,31,chr2,-,52702588,52702609
507,MI0016772,MIMAT0018948,hsa-miR-4432,32,chr2,-,60387362,60387381
508,MI0016774,MIMAT0018950,hsa-miR-4434,34,chr2,+,64525520,64525537
509,MI0016775,MIMAT0018951,hsa-miR-4435,35,chr2,+,87629764,87629785
510,MI0016777,MIMAT0018951,hsa-miR-4435,35,chr2,-,111321061,111321082
511,MI0016776,MIMAT0018952,hsa-miR-4436a,6a,chr2,+,88812425,88812445
512,MI0016778,MIMAT0018953,hsa-miR-4437,37,chr2,-,181305593,181305613
513,MI0016781,MIMAT0018956,hsa-miR-4438,38,chr2,+,213758122,213758142
514,MI0016782,MIMAT0018957,hsa-miR-4439,39,chr2,-,225010516,225010537
515,MI0016783,MIMAT0018958,hsa-miR-4440,40,chr2,-,239068829,239068850
516,MI0016784,MIMAT0018959,hsa-miR-4441,41,chr2,-,239085828,239085844
517,MI0016785,MIMAT0018960,hsa-miR-4442,42,chr3,-,25664875,25664891
518,MI0016786,MIMAT0018961,hsa-miR-4443,43,chr3,+,48196572,48196588
519,MI0016787,MIMAT0018962,hsa-miR-4444,44,chr2,+,177212768,177212785
520,MI0019111,MIMAT0018962,hsa-miR-4444,44,chr3,+,75214518,75214535
521,MI0016790,MIMAT0018966,hsa-miR-4447,47,chr3,-,116850289,116850305
522,MI0016791,MIMAT0018967,hsa-miR-4448,48,chr3,+,183886860,183886879
523,MI0016792,MIMAT0018968,hsa-miR-4449,49,chr4,+,52712720,52712741
524,MI0016794,MIMAT0018969,hsa-miR-548ag,ag,chr20,+,60564565,60564585
525,MI0016793,MIMAT0018969,hsa-miR-548ag,ag,chr4,+,60922623,60922643
526,MI0016795,MIMAT0018971,hsa-miR-4450,50,chr4,+,76573572,76573593
527,MI0016797,MIMAT0018973,hsa-miR-4451,51,chr4,+,85722515,85722531
528,MI0016798,MIMAT0018974,hsa-miR-4452,52,chr4,-,86542485,86542507
529,MI0016799,MIMAT0018975,hsa-miR-4453,53,chr4,+,152536432,152536451
530,MI0016800,MIMAT0018976,hsa-miR-4454,54,chr4,-,163093607,163093626
531,MI0016801,MIMAT0018977,hsa-miR-4455,55,chr4,-,184938421,184938437
532,MI0016803,MIMAT0018979,hsa-miR-4457,57,chr5,-,1309314,1309335
533,MI0016804,MIMAT0018980,hsa-miR-4458,58,chr5,+,8460933,8460951
534,MI0016806,MIMAT0018982,hsa-miR-4460,60,chr5,-,129397115,129397136
535,MI0016808,MIMAT0018984,hsa-miR-378h,8h,chr5,+,154829466,154829486
536,MI0016809,MIMAT0018985,hsa-miR-3135b,5b,chr6,-,32749952,32749973
537,MI0016810,MIMAT0018986,hsa-miR-4462,62,chr6,-,37555366,37555388
538,MI0016811,MIMAT0018987,hsa-miR-4463,63,chr6,+,75428446,75428462
539,MI0016812,MIMAT0018988,hsa-miR-4464,64,chr6,+,90312753,90312773
540,MI0016813,MIMAT0018989,hsa-miR-548ai,ai,chr6,+,99124624,99124645
541,MI0016816,MIMAT0018992,hsa-miR-4465,65,chr6,+,140683855,140683876
542,MI0016817,MIMAT0018993,hsa-miR-4466,66,chr6,-,156779710,156779727
543,MI0016818,MIMAT0018994,hsa-miR-4467,67,chr7,+,102471472,102471493
544,MI0016819,MIMAT0018995,hsa-miR-4468,68,chr7,+,138123803,138123820
545,MI0016820,MIMAT0018996,hsa-miR-4469,69,chr8,-,42896203,42896224
546,MI0016821,MIMAT0018997,hsa-miR-4470,70,chr8,+,61714832,61714852
547,MI0016822,MIMAT0018998,hsa-miR-4471,71,chr8,+,100382811,100382832
548,MI0016824,MIMAT0018999,hsa-miR-4472,72,chr12,-,116428294,116428311
549,MI0016823,MIMAT0018999,hsa-miR-4472,72,chr8,+,142176396,142176413
550,MI0016825,MIMAT0019000,hsa-miR-4473,73,chr9,-,20411161,20411182
551,MI0016827,MIMAT0019002,hsa-miR-4475,75,chr9,-,36823542,36823563
552,MI0016828,MIMAT0019003,hsa-miR-4476,76,chr9,-,36893466,36893487
553,MI0016829,MIMAT0019004,hsa-miR-4477a,7a,chr9,+,41233802,41233823
554,MI0016829,MIMAT0019004,hsa-miR-4477a,7a,chr9,-,63819586,63819607
555,MI0016830,MIMAT0019005,hsa-miR-4477b,7b,chr9,-,41233765,41233786
556,MI0016830,MIMAT0019005,hsa-miR-4477b,7b,chr9,+,63819623,63819644
557,MI0016831,MIMAT0019006,hsa-miR-4478,78,chr9,-,122120147,122120163
558,MI0016832,MIMAT0019007,hsa-miR-3689c,9c,chr9,-,134849302,134849323
559,MI0016834,MIMAT0019008,hsa-miR-3689d,9d,chr9,-,134849660,134849681
560,MI0016835,MIMAT0019008,hsa-miR-3689d,9d,chr9,-,134850332,134850353
561,MI0016836,MIMAT0019009,hsa-miR-3689e,9e,chr9,-,134850614,134850635
562,MI0016837,MIMAT0019010,hsa-miR-3689f,9f,chr9,-,134850783,134850804
563,MI0016838,MIMAT0019011,hsa-miR-4479,79,chr9,+,136886777,136886798
564,MI0016839,MIMAT0019012,hsa-miR-3155b,5b,chr10,-,6152209,6152226
565,MI0016840,MIMAT0019013,hsa-miR-548ak,ak,chr10,-,12130792,12130812
566,MI0016841,MIMAT0019014,hsa-miR-4480,80,chr10,+,12578796,12578816
567,MI0016842,MIMAT0019015,hsa-miR-4481,81,chr10,-,12653181,12653197
568,MI0016844,MIMAT0019017,hsa-miR-4483,83,chr10,-,113778000,113778016
569,MI0016845,MIMAT0019018,hsa-miR-4484,84,chr10,+,125819803,125819822
570,MI0016847,MIMAT0019020,hsa-miR-4486,86,chr11,+,19575314,19575330
571,MI0016848,MIMAT0019021,hsa-miR-4487,87,chr11,+,47401023,47401041
572,MI0016849,MIMAT0019022,hsa-miR-4488,88,chr11,+,61508599,61508616
573,MI0016850,MIMAT0019023,hsa-miR-4489,89,chr11,+,65649197,65649217
574,MI0016851,MIMAT0019024,hsa-miR-548al,al,chr11,+,74399301,74399322
575,MI0016852,MIMAT0019025,hsa-miR-4490,90,chr11,-,90555785,90555806
576,MI0016853,MIMAT0019026,hsa-miR-4491,91,chr11,+,111347802,111347823
577,MI0016854,MIMAT0019027,hsa-miR-4492,92,chr11,+,118910765,118910781
578,MI0016855,MIMAT0019028,hsa-miR-4493,93,chr11,-,123381441,123381461
579,MI0016856,MIMAT0019029,hsa-miR-4494,94,chr12,-,47364197,47364218
580,MI0016857,MIMAT0019030,hsa-miR-4495,95,chr12,-,97939097,97939117
581,MI0016858,MIMAT0019031,hsa-miR-4496,96,chr12,+,108635849,108635870
582,MI0016859,MIMAT0019032,hsa-miR-4497,97,chr12,+,109833350,109833366
583,MI0016860,MIMAT0019033,hsa-miR-4498,98,chr12,-,120155473,120155494
584,MI0016862,MIMAT0019035,hsa-miR-4499,99,chr13,-,20433830,20433846
585,MI0016863,MIMAT0019036,hsa-miR-4500,00,chr13,-,87618671,87618687
586,MI0016864,MIMAT0019037,hsa-miR-4501,01,chr13,+,96427229,96427249
587,MI0016865,MIMAT0019038,hsa-miR-4502,02,chr13,+,114273885,114273906
588,MI0016866,MIMAT0019039,hsa-miR-4503,03,chr14,-,36952358,36952379
589,MI0016867,MIMAT0019040,hsa-miR-4504,04,chr14,-,50299871,50299892
590,MI0016868,MIMAT0019041,hsa-miR-4505,05,chr14,+,73758749,73758766
591,MI0016869,MIMAT0019042,hsa-miR-4506,06,chr14,-,93948233,93948252
592,MI0016870,MIMAT0019043,hsa-miR-2392,92,chr14,+,100814551,100814570
593,MI0016871,MIMAT0019044,hsa-miR-4507,07,chr14,-,105858125,105858144
594,MI0016872,MIMAT0019045,hsa-miR-4508,08,chr15,-,23562107,23562123
595,MI0016873,MIMAT0019046,hsa-miR-4509,09,chr15,+,23197844,23197865
596,MI0016874,MIMAT0019046,hsa-miR-4509,09,chr15,+,28426508,28426529
597,MI0016875,MIMAT0019046,hsa-miR-4509,09,chr15,-,28490807,28490828
598,MI0016876,MIMAT0019047,hsa-miR-4510,10,chr15,+,35926863,35926884
599,MI0016877,MIMAT0019048,hsa-miR-4511,11,chr15,-,65719297,65719318
600,MI0016878,MIMAT0019049,hsa-miR-4512,12,chr15,-,66496965,66496986
601,MI0016879,MIMAT0019050,hsa-miR-4513,13,chr15,-,74788723,74788744
602,MI0016880,MIMAT0019051,hsa-miR-4514,14,chr15,-,80997450,80997467
603,MI0016881,MIMAT0019052,hsa-miR-4515,15,chr15,+,83067349,83067370
604,MI0016882,MIMAT0019053,hsa-miR-4516,16,chr16,+,2133120,2133136
605,MI0016883,MIMAT0019054,hsa-miR-4517,17,chr16,+,28958587,28958611
606,MI0016884,MIMAT0019055,hsa-miR-4518,18,chr16,+,30503968,30503993
607,MI0016885,MIMAT0019056,hsa-miR-4519,19,chr16,-,30875301,30875318
608,MI0016887,MIMAT0019058,hsa-miR-4521,21,chr17,+,8186948,8186969
609,MI0016888,MIMAT0019059,hsa-miR-1269b,9b,chr17,-,12917313,12917334
610,MI0016889,MIMAT0019060,hsa-miR-4522,22,chr17,-,27293922,27293942
611,MI0016890,MIMAT0019061,hsa-miR-4523,23,chr17,+,29390668,29390688
612,MI0016892,MIMAT0019064,hsa-miR-4525,25,chr17,-,82668281,82668301
613,MI0016893,MIMAT0019065,hsa-miR-4526,26,chr18,+,13611167,13611188
614,MI0016894,MIMAT0019066,hsa-miR-4527,27,chr18,+,47380503,47380524
615,MI0016895,MIMAT0019067,hsa-miR-4528,28,chr18,+,53237156,53237177
616,MI0016897,MIMAT0019069,hsa-miR-4530,30,chr19,-,39409629,39409646
617,MI0016898,MIMAT0019070,hsa-miR-4531,31,chr19,-,44653689,44653705
618,MI0016900,MIMAT0019072,hsa-miR-4533,33,chr20,+,60478119,60478140
619,MI0016901,MIMAT0019073,hsa-miR-4534,34,chr22,+,37988829,37988845
620,MI0016902,MIMAT0019074,hsa-miR-378i,8i,chr22,-,41923271,41923291
621,MI0016903,MIMAT0019075,hsa-miR-4535,35,chr22,+,48780331,48780347
622,MI0016905,MIMAT0019077,hsa-miR-1587,87,chrX,+,39837562,39837581
623,MI0016907,MIMAT0019079,hsa-miR-548an,an,chrX,+,106639828,106639847
624,MI0016908,MIMAT0019080,hsa-miR-4537,37,chr14,-,105859532,105859553
625,MI0016909,MIMAT0019081,hsa-miR-4538,38,chr14,-,105858221,105858242
626,MI0016910,MIMAT0019082,hsa-miR-4539,39,chr14,-,105857513,105857534
627,MI0016911,MIMAT0019083,hsa-miR-4540,40,chr9,-,36864254,36864274
628,MI0016964,MIMAT0019337,hsa-miR-3960,60,chr9,+,127785879,127785898
629,MI0016990,MIMAT0019357,hsa-miR-3972,72,chr1,+,17277948,17277969
630,MI0016991,MIMAT0019358,hsa-miR-3973,73,chr11,+,36010181,36010203
631,MI0016992,MIMAT0019359,hsa-miR-3974,74,chr12,+,17673308,17673330
632,MI0016993,MIMAT0019360,hsa-miR-3975,75,chr18,+,35591782,35591803
633,MI0016994,MIMAT0019361,hsa-miR-3976,76,chr18,+,5840702,5840725
634,MI0016995,MIMAT0019362,hsa-miR-3977,77,chr5,+,82840157,82840179
635,MI0016996,MIMAT0019363,hsa-miR-3978,78,chrX,+,110082121,110082144
636,MI0017261,MIMAT0019691,hsa-miR-4634,34,chr5,+,174751743,174751761
637,MI0017262,MIMAT0019692,hsa-miR-4635,35,chr5,-,1062904,1062924
638,MI0017263,MIMAT0019693,hsa-miR-4636,36,chr5,-,9053865,9053886
639,MI0017264,MIMAT0019694,hsa-miR-4637,37,chr5,-,14825932,14825953
640,MI0017268,MIMAT0019701,hsa-miR-4641,41,chr6,+,41598764,41598787
641,MI0017269,MIMAT0019702,hsa-miR-4642,42,chr6,+,44435650,44435671
642,MI0017270,MIMAT0019703,hsa-miR-4643,43,chr6,+,91521709,91521730
643,MI0017271,MIMAT0019704,hsa-miR-4644,44,chr6,+,170330813,170330835
644,MI0017274,MIMAT0019709,hsa-miR-4647,47,chr6,-,44254253,44254275
645,MI0017275,MIMAT0019710,hsa-miR-4648,48,chr7,+,2527074,2527093
646,MI0017279,MIMAT0019715,hsa-miR-4651,51,chr7,+,75915206,75915225
647,MI0017282,MIMAT0019720,hsa-miR-4654,54,chr1,+,162157116,162157137
648,MI0017284,MIMAT0019723,hsa-miR-4656,56,chr7,-,4788608,4788630
649,MI0017285,MIMAT0019724,hsa-miR-4657,57,chr7,-,44881778,44881800
650,MI0017286,MIMAT0019725,hsa-miR-4658,58,chr7,-,100156611,100156633
651,MI0017288,MIMAT0019728,hsa-miR-4660,60,chr8,+,9048453,9048475
652,MI0017292,MIMAT0019735,hsa-miR-4663,63,chr8,-,123215831,123215854
653,MI0017293,MIMAT0019736,hsa-miR-4662b,2b,chr8,-,124821988,124822009
654,MI0017300,MIMAT0019749,hsa-miR-4669,69,chr9,+,134379449,134379470
655,MI0017303,MIMAT0019754,hsa-miR-4672,72,chr9,-,127869425,127869445
656,MI0017304,MIMAT0019755,hsa-miR-4673,73,chr9,-,136519604,136519625
657,MI0017305,MIMAT0019756,hsa-miR-4674,74,chr9,-,136546182,136546202
658,MI0017306,MIMAT0019757,hsa-miR-4675,75,chr10,+,20552015,20552036
659,MI0017309,MIMAT0019762,hsa-miR-4678,78,chr10,+,87503890,87503911
660,MI0017311,MIMAT0019763,hsa-miR-4679,79,chr10,-,89063381,89063402
661,MI0017310,MIMAT0019763,hsa-miR-4679,79,chr10,+,89063344,89063365
662,MI0017313,MIMAT0019766,hsa-miR-4681,81,chr10,+,119377975,119377996
663,MI0017314,MIMAT0019767,hsa-miR-4682,82,chr10,+,119958522,119958544
664,MI0017315,MIMAT0019768,hsa-miR-4683,83,chr10,-,35641181,35641203
665,MI0017318,MIMAT0019773,hsa-miR-4686,86,chr11,+,2173072,2173094
666,MI0017321,MIMAT0019777,hsa-miR-4688,88,chr11,+,46376456,46376477
667,MI0017322,MIMAT0019778,hsa-miR-4689,89,chr1,-,5862711,5862732
668,MI0017325,MIMAT0019783,hsa-miR-4692,92,chr11,+,72783566,72783587
669,MI0017329,MIMAT0019790,hsa-miR-4696,96,chr11,-,74720307,74720328
670,MI0017331,MIMAT0019793,hsa-miR-4698,98,chr12,+,47187860,47187882
671,MI0017338,MIMAT0019805,hsa-miR-4705,05,chr13,-,102045974,102045995
672,MI0017339,MIMAT0019806,hsa-miR-4706,06,chr14,+,65044697,65044721
673,MI0017344,MIMAT0019815,hsa-miR-4710,10,chr14,-,104677723,104677740
674,MI0017353,MIMAT0019831,hsa-miR-4718,18,chr16,+,12720321,12720341
675,MI0017354,MIMAT0019832,hsa-miR-4719,19,chr16,+,76868988,76869009
676,MI0017356,MIMAT0019835,hsa-miR-4721,21,chr16,-,28843927,28843948
677,MI0017360,MIMAT0019840,hsa-miR-451b,1b,chr17,+,28861377,28861398
678,MI0017366,MIMAT0019851,hsa-miR-4729,29,chr17,+,59366092,59366113
679,MI0017367,MIMAT0019852,hsa-miR-4730,30,chr17,+,80419427,80419449
680,MI0017371,MIMAT0019859,hsa-miR-4734,34,chr17,-,38702270,38702291
681,MI0017373,MIMAT0019862,hsa-miR-4736,36,chr17,-,58336004,58336022
682,MI0017374,MIMAT0019863,hsa-miR-4737,37,chr17,-,60043077,60043096
683,MI0017377,MIMAT0019868,hsa-miR-4739,39,chr17,-,79707216,79707240
684,MI0017379,MIMAT0019871,hsa-miR-4741,41,chr18,+,22933407,22933429
685,MI0017382,MIMAT0019875,hsa-miR-4744,44,chr18,-,49049737,49049759
686,MI0017387,MIMAT0019884,hsa-miR-4748,48,chr19,+,10780263,10780283
687,MI0017390,MIMAT0019888,hsa-miR-4751,51,chr19,+,49933073,49933096
688,MI0017391,MIMAT0019889,hsa-miR-4752,52,chr19,+,54282118,54282139
689,MI0017394,MIMAT0019894,hsa-miR-4754,54,chr19,-,58386827,58386849
690,MI0017400,MIMAT0019905,hsa-miR-4759,59,chr21,+,26953965,26953985
691,MI0017406,MIMAT0019916,hsa-miR-4765,65,chr2,+,32635300,32635321
692,MI0017408,MIMAT0019919,hsa-miR-4767,67,chrX,+,7147869,7147891
693,MI0017411,MIMAT0019924,hsa-miR-4770,70,chrX,-,6383907,6383924
694,MI0017412,MIMAT0019925,hsa-miR-4771,71,chr2,+,87194830,87194850
695,MI0017413,MIMAT0019925,hsa-miR-4771,71,chr2,-,111771070,111771090
696,MI0017415,MIMAT0019928,hsa-miR-4773,73,chr2,+,151368381,151368402
697,MI0017416,MIMAT0019928,hsa-miR-4773,73,chr2,-,151368343,151368364
698,MI0017418,MIMAT0019931,hsa-miR-4775,75,chr2,+,207754816,207754837
699,MI0017423,MIMAT0019938,hsa-miR-4779,79,chr2,-,86193037,86193058
700,MI0017424,MIMAT0019939,hsa-miR-4780,80,chr2,-,88082528,88082549
701,MI0017429,MIMAT0019948,hsa-miR-4784,84,chr2,-,131491208,131491227
702,MI0017430,MIMAT0019949,hsa-miR-4785,85,chr2,-,160407819,160407839
703,MI0017435,MIMAT0019958,hsa-miR-4788,88,chr3,+,134437836,134437857
704,MI0017438,MIMAT0019963,hsa-miR-4791,91,chr3,-,19314907,19314924
705,MI0017441,MIMAT0019967,hsa-miR-4794,94,chr1,+,64579855,64579876
706,MI0017449,MIMAT0019980,hsa-miR-4801,01,chr4,-,37241911,37241932
707,MI0017451,MIMAT0019983,hsa-miR-4803,03,chr5,+,72169476,72169496
708,MI0017932,MIMAT0020541,hsa-miR-5047,47,chr17,-,64501230,64501250
709,MI0017976,MIMAT0021079,hsa-miR-5087,87,chr1,-,148334522,148334544
710,MI0017979,MIMAT0021082,hsa-miR-5090,90,chr7,+,102465752,102465774
711,MI0017980,MIMAT0021083,hsa-miR-5091,91,chr4,+,13627875,13627897
712,MI0017981,MIMAT0021084,hsa-miR-5092,92,chr3,-,125151475,125151496
713,MI0017982,MIMAT0021085,hsa-miR-5093,93,chr16,-,85306236,85306258
714,MI0017983,MIMAT0021086,hsa-miR-5094,94,chr15,-,89850690,89850711
715,MI0018165,MIMAT0021116,hsa-miR-5186,86,chr3,-,151565904,151565924
716,MI0018167,MIMAT0021119,hsa-miR-5188,88,chr12,+,124915610,124915632
717,MI0018169,MIMAT0021121,hsa-miR-5190,90,chr18,+,13459993,13460013
718,MI0018170,MIMAT0021122,hsa-miR-5191,91,chr1,+,201719579,201719600
719,MI0018171,MIMAT0021123,hsa-miR-5192,92,chr2,+,62205882,62205903
720,MI0018172,MIMAT0021124,hsa-miR-5193,93,chr3,-,49806165,49806186
721,MI0018173,MIMAT0021125,hsa-miR-5194,94,chr8,-,130008360,130008381
722,MI0019116,MIMAT0022259,hsa-miR-5100,00,chr10,+,42997630,42997651
723,MI0019117,MIMAT0022260,hsa-miR-5572,72,chr15,+,80581179,80581199
724,MI0019280,MIMAT0022468,hsa-miR-5680,80,chr8,+,102125483,102125504
725,MI0019281,MIMAT0022469,hsa-miR-5681a,1a,chr8,+,74548587,74548608
726,MI0019282,MIMAT0022470,hsa-miR-5682,82,chr3,+,121049684,121049705
727,MI0019283,MIMAT0022471,hsa-miR-548aw,aw,chr9,+,132945714,132945733
728,MI0019284,MIMAT0022472,hsa-miR-5683,83,chr6,+,6169343,6169366
729,MI0019285,MIMAT0022473,hsa-miR-5684,84,chr19,+,12787132,12787151
730,MI0019286,MIMAT0022474,hsa-miR-548ax,ax,chrX,-,11318656,11318677
731,MI0019287,MIMAT0022475,hsa-miR-5685,85,chr6,+,53277002,53277023
732,MI0019288,MIMAT0022476,hsa-miR-5692c,2c,chr5,-,135802996,135803017
733,MI0019289,MIMAT0022476,hsa-miR-5692c,2c,chr7,-,97964408,97964429
734,MI0019291,MIMAT0022478,hsa-miR-5687,87,chr5,-,55508859,55508880
735,MI0019292,MIMAT0022479,hsa-miR-5688,88,chr3,+,85385761,85385782
736,MI0019293,MIMAT0022480,hsa-miR-5681b,1b,chr8,-,74548584,74548605
737,MI0019294,MIMAT0022481,hsa-miR-5689,89,chr6,+,10439725,10439746
738,MI0019295,MIMAT0022482,hsa-miR-5690,90,chr6,-,35664760,35664780
739,MI0019296,MIMAT0022483,hsa-miR-5691,91,chr11,-,9090350,9090371
740,MI0019297,MIMAT0022484,hsa-miR-5692a,2a,chr7,+,97963665,97963686
741,MI0019298,MIMAT0022484,hsa-miR-5692a,2a,chr8,+,12719134,12719155
742,MI0019299,MIMAT0022485,hsa-miR-4666b,6b,chrX,+,29574286,29574308
743,MI0019300,MIMAT0022486,hsa-miR-5693,93,chr13,-,51348576,51348597
744,MI0019301,MIMAT0022487,hsa-miR-5694,94,chr14,-,67441902,67441922
745,MI0019302,MIMAT0022488,hsa-miR-5695,95,chr19,+,12920373,12920394
746,MI0019303,MIMAT0022489,hsa-miR-5696,96,chr2,+,101309453,101309474
747,MI0019304,MIMAT0022490,hsa-miR-5697,97,chr1,+,9967390,9967411
748,MI0019305,MIMAT0022491,hsa-miR-5698,98,chr1,-,154104562,154104583
749,MI0019307,MIMAT0022493,hsa-miR-5700,00,chr12,+,94561794,94561815
750,MI0019308,MIMAT0022494,hsa-miR-5701,01,chr15,+,20940261,20940279
751,MI0019593,MIMAT0022494,hsa-miR-5701,01,chr15,+,21513968,21513986
752,MI0031522,MIMAT0022494,hsa-miR-5701,01,chr15,+,21951251,21951269
753,MI0019309,MIMAT0022495,hsa-miR-5702,02,chr2,-,226658720,226658741
754,MI0019310,MIMAT0022496,hsa-miR-5703,03,chr2,+,227472162,227472179
755,MI0019311,MIMAT0022497,hsa-miR-5692b,2b,chr21,-,42950986,42951005
756,MI0019312,MIMAT0022498,hsa-miR-5704,04,chr3,-,131985901,131985922
757,MI0019313,MIMAT0022499,hsa-miR-5705,05,chr4,-,87300505,87300527
758,MI0019314,MIMAT0022500,hsa-miR-5706,06,chr5,+,119154646,119154667
759,MI0019315,MIMAT0022501,hsa-miR-5707,07,chr7,+,158591625,158591646
760,MI0019316,MIMAT0022502,hsa-miR-5708,08,chr8,+,80241398,80241417
761,MI0019412,MIMAT0023116,hsa-miR-5739,39,chr22,+,28459925,28459944
762,MI0019797,MIMAT0023252,hsa-miR-5787,87,chr3,+,50227438,50227457
763,MI0020345,MIMAT0023693,hsa-miR-6068,68,chr1,-,63326964,63326984
764,MI0020346,MIMAT0023694,hsa-miR-6069,69,chr22,-,35336768,35336788
765,MI0020347,MIMAT0023695,hsa-miR-6070,70,chr21,-,43609953,43609971
766,MI0020348,MIMAT0023696,hsa-miR-6071,71,chr2,-,85783657,85783675
767,MI0020349,MIMAT0023697,hsa-miR-6072,72,chr10,-,2076031,2076052
768,MI0020350,MIMAT0023698,hsa-miR-6073,73,chr11,-,15969555,15969574
769,MI0020351,MIMAT0023699,hsa-miR-6074,74,chr12,-,66023650,66023669
770,MI0020352,MIMAT0023700,hsa-miR-6075,75,chr5,-,1510767,1510787
771,MI0020353,MIMAT0023701,hsa-miR-6076,76,chr14,+,49966399,49966419
772,MI0020354,MIMAT0023702,hsa-miR-6077,77,chr1,+,148388294,148388314
773,MI0020355,MIMAT0023703,hsa-miR-6078,78,chr10,+,3991178,3991196
774,MI0020356,MIMAT0023704,hsa-miR-6079,79,chr1,+,43838657,43838680
775,MI0020357,MIMAT0023705,hsa-miR-6080,80,chr17,+,64780796,64780814
776,MI0020358,MIMAT0023706,hsa-miR-6081,81,chr9,+,95065406,95065429
777,MI0020359,MIMAT0023707,hsa-miR-6082,82,chr4,+,171186189,171186207
778,MI0020360,MIMAT0023708,hsa-miR-6083,83,chr3,+,124374408,124374427
779,MI0020361,MIMAT0023709,hsa-miR-6084,84,chr1,+,20633756,20633775
780,MI0020362,MIMAT0023710,hsa-miR-6085,85,chr15,+,62343111,62343129
781,MI0020363,MIMAT0023711,hsa-miR-6086,86,chrX,+,13590293,13590312
782,MI0020365,MIMAT0023713,hsa-miR-6088,88,chr19,+,45436654,45436673
783,MI0020366,MIMAT0023714,hsa-miR-6089,89,chrX,+,2609229,2609252
784,MI0023563,MIMAT0023714,hsa-miR-6089,89,chrY,+,2609229,2609252
785,MI0020367,MIMAT0023715,hsa-miR-6090,90,chr11,+,128522430,128522448
786,MI0021258,MIMAT0024597,hsa-miR-6124,24,chr11,+,12163692,12163711
787,MI0021259,MIMAT0024598,hsa-miR-6125,25,chr12,+,62260418,62260437
788,MI0021260,MIMAT0024599,hsa-miR-6126,26,chr16,-,3485422,3485439
789,MI0021271,MIMAT0024610,hsa-miR-6127,27,chr1,-,22633328,22633346
790,MI0021272,MIMAT0024611,hsa-miR-6128,28,chr11,+,56743943,56743961
791,MI0021273,MIMAT0024612,hsa-miR-378j,8j,chr17,-,37615001,37615019
792,MI0021274,MIMAT0024613,hsa-miR-6129,29,chr17,-,49288416,49288434
793,MI0021275,MIMAT0024614,hsa-miR-6130,30,chr21,+,23079354,23079372
794,MI0021276,MIMAT0024615,hsa-miR-6131,31,chr5,+,10478107,10478125
795,MI0021277,MIMAT0024616,hsa-miR-6132,32,chr7,+,117020231,117020249
796,MI0021278,MIMAT0024617,hsa-miR-6133,33,chr7,+,133290951,133290969
797,MI0021279,MIMAT0024618,hsa-miR-6134,34,chrX,-,28495575,28495593
798,MI0021472,MIMAT0024782,hsa-miR-6165,65,chr17,+,49510825,49510843
799,MI0022590,MIMAT0027391,hsa-miR-6745,45,chr11,-,47179615,47179635
800,MI0022690,MIMAT0027589,hsa-miR-6844,44,chr8,-,124508515,124508535
801,MI0022707,MIMAT0027622,hsa-miR-6860,60,chr11,+,67045683,67045704
802,MI0022710,MIMAT0027627,hsa-miR-6863,63,chr16,+,56904327,56904349
803,MI0023610,MIMAT0028211,hsa-miR-7150,50,chr9,-,123485584,123485601
804,MI0024354,MIMAT0029310,hsa-miR-7515,15,chr2,+,6650418,6650435
805,MI0025238,MIMAT0030017,hsa-miR-7702,02,chr9,-,111271193,111271214
806,MI0025239,MIMAT0030018,hsa-miR-7703,03,chr14,-,24143489,24143511
807,MI0025240,MIMAT0030019,hsa-miR-7704,04,chr2,+,176188843,176188861
808,MI0025241,MIMAT0030020,hsa-miR-7705,05,chr8,-,100703002,100703024
809,MI0025242,MIMAT0030021,hsa-miR-7706,06,chr15,+,85380639,85380662
810,MI0025747,MIMAT0031175,hsa-miR-548ba,ba,chr2,+,49059603,49059624
811,MI0025749,MIMAT0031176,hsa-miR-7973,73,chr15,-,51314088,51314107
812,MI0025748,MIMAT0031176,hsa-miR-7973,73,chr15,+,51314034,51314053
813,MI0025750,MIMAT0031177,hsa-miR-7974,74,chr19,-,11495544,11495567
814,MI0025751,MIMAT0031178,hsa-miR-7975,75,chr19,-,55123225,55123242
815,MI0025752,MIMAT0031179,hsa-miR-7976,76,chr3,-,127587158,127587176
816,MI0025753,MIMAT0031180,hsa-miR-7977,77,chr3,+,176515103,176515120
817,MI0025754,MIMAT0031181,hsa-miR-7978,78,chr4,-,21464738,21464758
818,MI0025888,MIMAT0030979,hsa-miR-8052,52,chr11,+,130666745,130666766
819,MI0025889,MIMAT0030980,hsa-miR-8053,53,chr4,+,47652679,47652702
820,MI0025890,MIMAT0030981,hsa-miR-8054,54,chr11,-,23419160,23419180
821,MI0025891,MIMAT0030982,hsa-miR-8055,55,chr8,-,6622134,6622156
822,MI0025892,MIMAT0030983,hsa-miR-8056,56,chr5,+,173347507,173347526
823,MI0025893,MIMAT0030984,hsa-miR-8057,57,chr18,-,26591505,26591525
824,MI0025894,MIMAT0030985,hsa-miR-8058,58,chr16,+,82688988,82689009
825,MI0025895,MIMAT0030986,hsa-miR-8059,59,chr17,+,50768660,50768681
826,MI0025896,MIMAT0030987,hsa-miR-8060,60,chr3,+,96360006,96360029
827,MI0025897,MIMAT0030988,hsa-miR-8061,61,chr19,+,54645319,54645339
828,MI0025898,MIMAT0030989,hsa-miR-8062,62,chr20,+,7371618,7371638
829,MI0025899,MIMAT0030990,hsa-miR-8063,63,chr15,-,36972831,36972852
830,MI0025900,MIMAT0030991,hsa-miR-8064,64,chr3,-,52846523,52846542
831,MI0025901,MIMAT0030992,hsa-miR-8065,65,chr16,+,5632533,5632556
832,MI0025902,MIMAT0030993,hsa-miR-8066,66,chr4,-,101240805,101240825
833,MI0025903,MIMAT0030994,hsa-miR-8067,67,chr15,-,62304703,62304724
834,MI0025904,MIMAT0030995,hsa-miR-8068,68,chr11,-,28477517,28477538
835,MI0025905,MIMAT0030996,hsa-miR-8069,69,chr21,+,6859224,6859246
836,MI0031519,MIMAT0030996,hsa-miR-8069,69,chr21,+,13724242,13724264
837,MI0025906,MIMAT0030997,hsa-miR-8070,70,chr11,-,11783191,11783212
838,MI0025907,MIMAT0030998,hsa-miR-8071,71,chr14,+,105621151,105621170
839,MI0026417,MIMAT0030998,hsa-miR-8071,71,chr14,+,105640203,105640222
840,MI0025908,MIMAT0030999,hsa-miR-8072,72,chr12,-,123364814,123364833
841,MI0025909,MIMAT0031000,hsa-miR-8073,73,chr13,+,110340968,110340989
842,MI0025910,MIMAT0031001,hsa-miR-8074,74,chr19,-,51206939,51206962
843,MI0025911,MIMAT0031002,hsa-miR-8075,75,chr13,+,113262966,113262989
844,MI0025912,MIMAT0031003,hsa-miR-8076,76,chr3,-,113432128,113432151
845,MI0025913,MIMAT0031004,hsa-miR-8077,77,chr19,+,42351174,42351195
846,MI0025914,MIMAT0031005,hsa-miR-8078,78,chr18,-,112266,112288
847,MI0025915,MIMAT0031006,hsa-miR-8079,79,chr13,-,44196171,44196190
848,MI0025916,MIMAT0031007,hsa-miR-8080,80,chr2,-,79866551,79866573
849,MI0025917,MIMAT0031008,hsa-miR-8081,81,chr9,+,106600990,106601012
850,MI0025918,MIMAT0031009,hsa-miR-8082,82,chr4,+,113152292,113152313
851,MI0025919,MIMAT0031010,hsa-miR-8083,83,chr1,-,153689763,153689783
852,MI0025920,MIMAT0031011,hsa-miR-8084,84,chr8,+,93029761,93029783
853,MI0025921,MIMAT0031012,hsa-miR-8085,85,chr19,+,44758667,44758687
854,MI0025922,MIMAT0031013,hsa-miR-8086,86,chr10,-,28289319,28289340
855,MI0025923,MIMAT0031014,hsa-miR-8087,87,chr11,-,27515015,27515037
856,MI0025924,MIMAT0031015,hsa-miR-8088,88,chrX,-,52336612,52336632
857,MI0025925,MIMAT0031016,hsa-miR-8089,89,chr5,-,181043413,181043436
858,MI0027288,MIMAT0033692,hsa-miR-8485,85,chr2,-,50696172,50696192
859,MI0029185,MIMAT0035542,hsa-miR-9500,00,chr2,+,218823092,218823110
860,MI0030983,MIMAT0039310,hsa-miR-9718,18,chr14,+,60648681,60648700
861,MI0031826,MIMAT0039318,hsa-miR-9898,98,chr12,-,52898903,52898924
862,MI0031827,MIMAT0039319,hsa-miR-9899,99,chr2,-,149330300,149330321
863,MI0031828,MIMAT0039320,hsa-miR-9900,00,chr3,+,112737140,112737160
864,MI0031829,MIMAT0039321,hsa-miR-9901,01,chr16,+,34163601,34163621
865,MI0031830,MIMAT0039322,hsa-miR-9902,02,chr12,-,122695964,122695985
866,MI0041071,MIMAT0039322,hsa-miR-9902,02,chr12,-,122709389,122709410
867,MI0031831,MIMAT0039323,hsa-miR-9903,03,chr8,-,98393667,98393688
868,MI0032313,MIMAT0039763,hsa-miR-9985,85,chrY,+,4606140,4606158
869,MI0032314,MIMAT0039764,hsa-miR-1843,43,chr1,-,175968440,175968459
870,MI0032315,MIMAT0039765,hsa-miR-548bc,bc,chr17,+,39297457,39297477
871,MI0032316,MIMAT0039766,hsa-miR-9986,86,chr2,+,132433731,132433750
872,MI0033056,MIMAT0041128,hsa-miR-10226,26,chr17,+,48032892,48032913
873,MI0036558,MIMAT0044656,hsa-miR-11399,99,chr1,+,112882060,112882081
874,MI0036559,MIMAT0044657,hsa-miR-11400,00,chr7,+,142474537,142474557
875,MI0036560,MIMAT0044658,hsa-miR-11401,01,chr16,+,87853906,87853925
876,MI0039715,MIMAT0049007,hsa-miR-12113,13,chr4,+,11783185,11783206
877,MI0039716,MIMAT0049008,hsa-miR-12114,14,chr22,+,50407456,50407474
878,MI0039717,MIMAT0049009,hsa-miR-12115,15,chr4,+,22515316,22515339
879,MI0039718,MIMAT0049010,hsa-miR-12116,16,chr1,+,179803938,179803959
880,MI0039719,MIMAT0049011,hsa-miR-12117,17,chr9,+,33108700,33108719
881,MI0039720,MIMAT0049012,hsa-miR-12118,18,chr5,+,173303734,173303753
882,MI0039721,MIMAT0049013,hsa-miR-12119,19,chr7,+,99409187,99409211
883,MI0039722,MIMAT0049014,hsa-miR-12120,20,chrY,+,13479189,13479214
884,MI0039723,MIMAT0049015,hsa-miR-12121,21,chr14,+,104865329,104865349
885,MI0039724,MIMAT0049016,hsa-miR-12122,22,chr20,+,49863869,49863893
886,MI0039725,MIMAT0049017,hsa-miR-12123,23,chr8,+,79332203,79332224
887,MI0039726,MIMAT0049018,hsa-miR-12124,24,chr3,+,128846872,128846891
888,MI0039727,MIMAT0049019,hsa-miR-12125,25,chr5,+,168165895,168165916
889,MI0039728,MIMAT0049020,hsa-miR-12126,26,chr9,+,130241451,130241474
890,MI0039729,MIMAT0049021,hsa-miR-12127,27,chr3,+,10280415,10280439
891,MI0039730,MIMAT0049022,hsa-miR-12128,28,chr16,+,85207860,85207885
892,MI0039731,MIMAT0049023,hsa-miR-12129,29,chrX,+,153335510,153335531
893,MI0039732,MIMAT0049024,hsa-miR-12130,30,chr5,+,116255797,116255815
894,MI0039733,MIMAT0049025,hsa-miR-12131,31,chr6,+,151102739,151102758
895,MI0039734,MIMAT0049026,hsa-miR-12132,32,chr1,+,61846140,61846161
896,MI0039735,MIMAT0049027,hsa-miR-12133,33,chr1,+,94543754,94543775
897,MI0039739,MIMAT0049031,hsa-miR-12135,35,chr15,+,73299962,73299979
898,MI0039740,MIMAT0049032,hsa-miR-12136,36,chr1,-,632668,632685
