Accession,Name,Chromosome,Strand,Start,End
MI0022705,hsa-mir-6859-1,chr1,-,17369,17436
MI0006363,hsa-mir-1302-2,chr1,+,30366,30503
MI0026420,hsa-mir-6859-2,chr1,-,187891,187958
MI0039740,hsa-mir-12136,chr1,-,632615,632685
MI0000342,hsa-mir-200b,chr1,+,1167104,1167198
MI0000737,hsa-mir-200a,chr1,+,1167863,1167952
MI0001641,hsa-mir-429,chr1,+,1169005,1169087
MI0022571,hsa-mir-6726,chr1,-,1296110,1296170
MI0022572,hsa-mir-6727,chr1,-,1312502,1312566
MI0022653,hsa-mir-6808,chr1,-,1339650,1339708
MI0015861,hsa-mir-4251,chr1,+,3127975,3128035
MI0003556,hsa-mir-551a,chr1,-,3560695,3560790
MI0017322,hsa-mir-4689,chr1,-,5862672,5862741
MI0015864,hsa-mir-4252,chr1,-,6429834,6429896
MI0022573,hsa-mir-6728,chr1,-,8866502,8866590
MI0000268,hsa-mir-34a,chr1,-,9151668,9151777
MI0019304,hsa-mir-5697,chr1,+,9967381,9967458
MI0022574,hsa-mir-6729,chr1,+,12029158,12029222
MI0025516,hsa-mir-7846,chr1,+,12166943,12167038
MI0017259,hsa-mir-4632,chr1,+,12191713,12191773
MI0022575,hsa-mir-6730,chr1,-,12578957,12579023
MI0016076,hsa-mir-3675,chr1,-,16858949,16859021
MI0016990,hsa-mir-3972,chr1,+,17277889,17277975
MI0017328,hsa-mir-4695,chr1,-,18883202,18883275
MI0006352,hsa-mir-1290,chr1,-,18897071,18897148
MI0020361,hsa-mir-6084,chr1,+,20633679,20633788
MI0006390,hsa-mir-1256,chr1,-,20988314,20988432
MI0016754,hsa-mir-4418,chr1,+,22266239,22266300
MI0021271,hsa-mir-6127,chr1,-,22633258,22633366
MI0017316,hsa-mir-4684,chr1,+,22719517,22719598
MI0015860,hsa-mir-4253,chr1,-,22863159,22863226
MI0014127,hsa-mir-3115,chr1,+,23044305,23044372
MI0016756,hsa-mir-378f,chr1,+,23929070,23929147
MI0022576,hsa-mir-6731,chr1,-,24919345,24919416
MI0016764,hsa-mir-4425,chr1,+,25023503,25023586
MI0016423,hsa-mir-3917,chr1,-,25906362,25906454
MI0009986,hsa-mir-1976,chr1,+,26554542,26554593
MI0016757,hsa-mir-4420,chr1,-,30739156,30739232
MI0015862,hsa-mir-4254,chr1,-,31758660,31758735
MI0019142,hsa-mir-5585,chr1,+,32086949,32087007
MI0015995,hsa-mir-3605,chr1,-,33332393,33332492
MI0003557,hsa-mir-552,chr1,-,34669599,34669694
MI0015863,hsa-mir-4255,chr1,+,37161563,37161634
MI0022577,hsa-mir-6732,chr1,+,37480230,37480289
MI0019136,hsa-mir-5581,chr1,-,37500935,37500994
MI0016060,hsa-mir-3659,chr1,+,38089231,38089329
MI0000749,hsa-mir-30e,chr1,+,40754355,40754446
MI0000736,hsa-mir-30c-1,chr1,+,40757284,40757372
MI0022578,hsa-mir-6733,chr1,-,43171652,43171712
MI0022579,hsa-mir-6734,chr1,-,43364648,43364715
MI0022580,hsa-mir-6735,chr1,+,43448539,43448611
MI0020356,hsa-mir-6079,chr1,+,43838622,43838683
MI0019141,hsa-mir-5584,chr1,+,44545493,44545552
MI0016758,hsa-mir-4421,chr1,+,51059837,51059905
MI0022211,hsa-mir-6500,chr1,+,51060018,51060103
MI0003941,hsa-mir-761,chr1,-,51836344,51836402
MI0017426,hsa-mir-4781,chr1,+,54054079,54054154
MI0016759,hsa-mir-4422,chr1,+,55225641,55225723
MI0017345,hsa-mir-4711,chr1,-,59733227,59733296
MI0039734,hsa-mir-12132,chr1,+,61846075,61846176
MI0014128,hsa-mir-3116-1,chr1,+,62078786,62078859
MI0014129,hsa-mir-3116-2,chr1,-,62078789,62078856
MI0020345,hsa-mir-6068,chr1,-,63326925,63326984
MI0017441,hsa-mir-4794,chr1,+,64579847,64579923
MI0016072,hsa-mir-3671,chr1,-,65057755,65057842
MI0000103,hsa-mir-101-1,chr1,-,65058434,65058508
MI0014130,hsa-mir-3117,chr1,+,66628440,66628517
MI0006397,hsa-mir-1262,chr1,-,68183518,68183610
MI0000483,hsa-mir-186,chr1,-,71067631,71067716
MI0023616,hsa-mir-7156,chr1,+,77060143,77060202
MI0016760,hsa-mir-4423,chr1,+,85133794,85133873
MI0025526,hsa-mir-7856,chr1,-,86357632,86357687
MI0005567,hsa-mir-760,chr1,+,93846832,93846911
MI0039735,hsa-mir-12133,chr1,+,94543702,94543779
MI0012063,hsa-mir-2682,chr1,-,98045242,98045351
MI0000454,hsa-mir-137,chr1,-,98046070,98046171
MI0003558,hsa-mir-553,chr1,+,100281241,100281308
MI0025522,hsa-mir-7852,chr1,+,107897223,107897304
MI0000239,hsa-mir-197,chr1,+,109598893,109598967
MI0015855,hsa-mir-4256,chr1,-,112461770,112461833
MI0036558,hsa-mir-11399,chr1,+,112882050,112882129
MI0016762,hsa-mir-548ac,chr1,-,116560024,116560111
MI0003776,hsa-mir-320b-1,chr1,+,116671746,116671817
MI0005767,hsa-mir-942,chr1,+,117094643,117094728
MI0022581,hsa-mir-6736,chr1,-,145850587,145850645
MI0017976,hsa-mir-5087,chr1,-,148334479,148334554
MI0020354,hsa-mir-6077,chr1,+,148388282,148388363
MI0022725,hsa-mir-6878,chr1,+,150492345,150492410
MI0015856,hsa-mir-4257,chr1,+,150551929,150552014
MI0003559,hsa-mir-554,chr1,+,151545796,151545891
MI0025919,hsa-mir-8083,chr1,-,153689705,153689793
MI0022582,hsa-mir-6737,chr1,-,153962351,153962420
MI0019305,hsa-mir-5698,chr1,-,154104521,154104592
MI0005545,hsa-mir-190b,chr1,-,154193665,154193743
MI0015857,hsa-mir-4258,chr1,+,154975693,154975783
MI0003560,hsa-mir-92b,chr1,+,155195177,155195272
MI0003561,hsa-mir-555,chr1,-,155346350,155346445
MI0022583,hsa-mir-6738,chr1,-,155951273,155951336
MI0000466,hsa-mir-9-1,chr1,-,156420341,156420429
MI0005116,hsa-mir-765,chr1,-,156936131,156936244
MI0015858,hsa-mir-4259,chr1,-,159899979,159900079
MI0018166,hsa-mir-5187,chr1,+,161227186,161227261
MI0017282,hsa-mir-4654,chr1,+,162157107,162157182
MI0003562,hsa-mir-556,chr1,+,162342546,162342640
MI0016058,hsa-mir-3658,chr1,+,165907921,165907976
MI0005713,hsa-mir-921,chr1,-,166154743,166154798
MI0006436,hsa-mir-1255b-2,chr1,+,167998660,167998726
MI0003563,hsa-mir-557,chr1,+,168375524,168375621
MI0014134,hsa-mir-3119-1,chr1,-,170151378,170151462
MI0014135,hsa-mir-3119-2,chr1,+,170151378,170151462
MI0006357,hsa-mir-1295a,chr1,-,171101728,171101806
MI0019146,hsa-mir-1295b,chr1,+,171101739,171101798
MI0000290,hsa-mir-214,chr1,-,172138798,172138907
MI0014136,hsa-mir-3120,chr1,+,172138808,172138888
MI0000281,hsa-mir-199a-2,chr1,-,172144535,172144644
MI0032314,hsa-mir-1843,chr1,-,175968370,175968479
MI0003123,hsa-mir-488,chr1,-,177029363,177029445
MI0016763,hsa-mir-4424,chr1,+,178677749,178677834
MI0039718,hsa-mir-12116,chr1,+,179803924,179804025
MI0014137,hsa-mir-3121,chr1,-,180438314,180438390
MI0016765,hsa-mir-4426,chr1,+,192716328,192716390
MI0006425,hsa-mir-1278,chr1,+,193136503,193136583
MI0017372,hsa-mir-4735,chr1,-,196582413,196582481
MI0000270,hsa-mir-181b-1,chr1,-,198858873,198858982
MI0000289,hsa-mir-181a-1,chr1,-,198859044,198859153
MI0018170,hsa-mir-5191,chr1,+,201719508,201719627
MI0006321,hsa-mir-1231,chr1,+,201808611,201808702
MI0022584,hsa-mir-6739,chr1,+,201863373,201863447
MI0022585,hsa-mir-6740,chr1,+,202003124,202003236
MI0000810,hsa-mir-135b,chr1,-,205448302,205448398
MI0022706,hsa-mir-6769b,chr1,+,206474803,206474864
MI0000735,hsa-mir-29c,chr1,-,207801852,207801939
MI0000107,hsa-mir-29b-2,chr1,-,207802443,207802523
MI0000285,hsa-mir-205,chr1,+,209432133,209432242
MI0015859,hsa-mir-4260,chr1,-,209623444,209623510
MI0014138,hsa-mir-3122,chr1,+,212077613,212077685
MI0000291,hsa-mir-215,chr1,-,220117853,220117962
MI0000488,hsa-mir-194-1,chr1,-,220118157,220118241
MI0006442,hsa-mir-664a,chr1,-,220200538,220200619
MI0003839,hsa-mir-320b-2,chr1,-,224257040,224257110
MI0017380,hsa-mir-4742,chr1,-,224398227,224398311
MI0022586,hsa-mir-6741,chr1,-,225922080,225922142
MI0017876,hsa-mir-5008,chr1,-,227941590,227941683
MI0016011,hsa-mir-3620,chr1,+,228097263,228097341
MI0022587,hsa-mir-6742,chr1,-,228397048,228397109
MI0017296,hsa-mir-4666a,chr1,+,228462074,228462152
MI0006275,hsa-mir-1182,chr1,-,231019828,231019924
MI0016766,hsa-mir-4427,chr1,+,233624152,233624219
MI0017302,hsa-mir-4671,chr1,+,234306467,234306539
MI0017392,hsa-mir-4753,chr1,-,235190034,235190116
MI0007258,hsa-mir-1537,chr1,-,235853000,235853060
MI0016767,hsa-mir-4428,chr1,+,237471119,237471191
MI0014139,hsa-mir-3123,chr1,+,241132272,241132346
MI0017308,hsa-mir-4677,chr1,+,243346176,243346255
MI0016422,hsa-mir-3916,chr1,-,247201967,247202060
MI0014140,hsa-mir-3124,chr1,+,248826377,248826443
MI0019306,hsa-mir-5699,chr10,-,641689,641778
MI0020349,hsa-mir-6072,chr10,-,2076019,2076089
MI0020355,hsa-mir-6078,chr10,+,3991160,3991259
MI0014183,hsa-mir-3155a,chr10,+,6152196,6152277
MI0016839,hsa-mir-3155b,chr10,-,6152207,6152262
MI0016840,hsa-mir-548ak,chr10,-,12130760,12130816
MI0016841,hsa-mir-4480,chr10,+,12578753,12578823
MI0016842,hsa-mir-4481,chr10,-,12653138,12653197
MI0010637,hsa-mir-548q,chr10,-,12725254,12725353
MI0015826,hsa-mir-4293,chr10,-,14383200,14383277
MI0006401,hsa-mir-1265,chr10,+,14436576,14436661
MI0003127,hsa-mir-511,chr10,+,17845107,17845193
MI0017306,hsa-mir-4675,chr10,+,20551970,20552046
MI0008336,hsa-mir-1915,chr10,-,21496562,21496641
MI0003616,hsa-mir-603,chr10,+,24275685,24275781
MI0025922,hsa-mir-8086,chr10,-,28289258,28289350
MI0003617,hsa-mir-604,chr10,-,29545004,29545097
MI0005760,hsa-mir-938,chr10,-,29602264,29602346
MI0023623,hsa-mir-7162,chr10,-,30368597,30368665
MI0016001,hsa-mir-3611,chr10,-,35079598,35079680
MI0017315,hsa-mir-4683,chr10,-,35641172,35641252
MI0019116,hsa-mir-5100,chr10,+,42997563,42997681
MI0014184,hsa-mir-3156-1,chr10,+,45164014,45164088
MI0015827,hsa-mir-4294,chr10,-,48985512,48985587
MI0003618,hsa-mir-605,chr10,+,51299573,51299655
MI0006374,hsa-mir-548f-1,chr10,-,54607874,54607957
MI0016432,hsa-mir-3924,chr10,-,57304479,57304559
MI0003780,hsa-mir-1296,chr10,-,63372957,63373048
MI0023611,hsa-mir-7151,chr10,-,67403351,67403410
MI0023612,hsa-mir-7152,chr10,+,71790747,71790800
MI0017307,hsa-mir-4676,chr10,+,72721029,72721100
MI0003619,hsa-mir-606,chr10,+,75552458,75552553
MI0000826,hsa-mir-346,chr10,-,86264694,86264788
MI0017309,hsa-mir-4678,chr10,+,87503881,87503954
MI0017311,hsa-mir-4679-2,chr10,-,89063335,89063411
MI0017310,hsa-mir-4679-1,chr10,+,89063336,89063410
MI0000114,hsa-mir-107,chr10,-,89592747,89592827
MI0014185,hsa-mir-3157,chr10,-,96064315,96064399
MI0003620,hsa-mir-607,chr10,-,96828669,96828764
MI0039500,hsa-mir-3085,chr10,-,97875813,97875897
MI0006349,hsa-mir-1287,chr10,-,98395218,98395307
MI0017317,hsa-mir-4685,chr10,-,98431292,98431360
MI0022219,hsa-mir-6507,chr10,-,98924499,98924568
MI0003621,hsa-mir-608,chr10,+,100974985,100975084
MI0014186,hsa-mir-3158-1,chr10,+,101601417,101601497
MI0014187,hsa-mir-3158-2,chr10,-,101601417,101601497
MI0003129,hsa-mir-146b,chr10,+,102436512,102436584
MI0006444,hsa-mir-1307,chr10,-,103394253,103394401
MI0005758,hsa-mir-936,chr10,-,104048089,104048186
MI0003622,hsa-mir-609,chr10,-,104218789,104218883
MI0016843,hsa-mir-4482,chr10,-,104268336,104268405
MI0017312,hsa-mir-4680,chr10,+,110898090,110898155
MI0006344,hsa-mir-548e,chr10,+,110988926,110989013
MI0022549,hsa-mir-6715b,chr10,-,112299612,112299688
MI0022548,hsa-mir-6715a,chr10,+,112299612,112299690
MI0015822,hsa-mir-4295,chr10,+,112634170,112634254
MI0016844,hsa-mir-4483,chr10,-,113777993,113778054
MI0010629,hsa-mir-2110,chr10,-,114174105,114174179
MI0039502,hsa-mir-9851,chr10,-,116827488,116827568
MI0016064,hsa-mir-3663,chr10,-,117167678,117167774
MI0017313,hsa-mir-4681,chr10,+,119377972,119378043
MI0017314,hsa-mir-4682,chr10,+,119958513,119958592
MI0016598,hsa-mir-3941,chr10,+,122416965,122417067
MI0015823,hsa-mir-4296,chr10,-,125032783,125032870
MI0016845,hsa-mir-4484,chr10,+,125819740,125819822
MI0015824,hsa-mir-4297,chr10,-,129843299,129843374
MI0015825,hsa-mir-378c,chr10,-,130962588,130962668
MI0003130,hsa-mir-202,chr10,-,133247511,133247620
MI0016601,hsa-mir-3944,chr10,-,133371556,133371663
MI0022588,hsa-mir-6743,chr11,+,209336,209406
MI0000286,hsa-mir-210,chr11,-,568089,568198
MI0022589,hsa-mir-6744,chr11,+,1256605,1256670
MI0015830,hsa-mir-4298,chr11,-,1859464,1859536
MI0025517,hsa-mir-7847,chr11,+,1880045,1880147
MI0005416,hsa-mir-675,chr11,-,1996759,1996831
MI0002467,hsa-mir-483,chr11,-,2134134,2134209
MI0017318,hsa-mir-4686,chr11,+,2173063,2173138
MI0017319,hsa-mir-4687,chr11,+,3856062,3856141
MI0006417,hsa-mir-302e,chr11,+,7234766,7234837
MI0019296,hsa-mir-5691,chr11,-,9090312,9090379
MI0016846,hsa-mir-4485,chr11,-,10508270,10508326
MI0015829,hsa-mir-4299,chr11,-,11656651,11656722
MI0025906,hsa-mir-8070,chr11,-,11783135,11783222
MI0021258,hsa-mir-6124,chr11,+,12163683,12163767
MI0020350,hsa-mir-6073,chr11,-,15969533,15969621
MI0014188,hsa-mir-3159,chr11,+,18387787,18387860
MI0016847,hsa-mir-4486,chr11,+,19575310,19575372
MI0017327,hsa-mir-4694,chr11,-,19760004,19760083
MI0025890,hsa-mir-8054,chr11,-,23419105,23419190
MI0025923,hsa-mir-8087,chr11,-,27514970,27515047
MI0003623,hsa-mir-610,chr11,+,28056815,28056910
MI0025904,hsa-mir-8068,chr11,-,28477481,28477548
MI0017320,hsa-mir-1343,chr11,+,34941837,34941920
MI0016991,hsa-mir-3973,chr11,+,36010098,36010204
MI0003933,hsa-mir-670,chr11,+,43559656,43559753
MI0000473,hsa-mir-129-2,chr11,+,43581394,43581483
MI0023614,hsa-mir-7154,chr11,-,45691704,45691776
MI0017321,hsa-mir-4688,chr11,+,46376402,46376484
MI0014189,hsa-mir-3160-1,chr11,-,46451805,46451889
MI0014190,hsa-mir-3160-2,chr11,+,46451807,46451887
MI0019138,hsa-mir-5582,chr11,-,46753125,46753192
MI0022590,hsa-mir-6745,chr11,-,47179611,47179737
MI0016848,hsa-mir-4487,chr11,+,47400970,47401042
MI0014191,hsa-mir-3161,chr11,+,48096782,48096858
MI0021272,hsa-mir-6128,chr11,+,56743873,56743981
MI0000448,hsa-mir-130a,chr11,+,57641198,57641286
MI0014192,hsa-mir-3162,chr11,-,59595077,59595158
MI0022215,hsa-mir-6503,chr11,-,60209071,60209156
MI0016849,hsa-mir-4488,chr11,+,61508596,61508657
MI0003624,hsa-mir-611,chr11,-,61792495,61792561
MI0008329,hsa-mir-1908,chr11,-,61815161,61815240
MI0022591,hsa-mir-6746,chr11,-,61878216,61878278
MI0022592,hsa-mir-6747,chr11,-,62567011,62567071
MI0022593,hsa-mir-6748,chr11,+,62789815,62789885
MI0022226,hsa-mir-6514,chr11,-,62792702,62792771
MI0023615,hsa-mir-7155,chr11,-,64341849,64341904
MI0006327,hsa-mir-1237,chr11,+,64368602,64368703
MI0033416,hsa-mir-10392,chr11,-,64878523,64878609
MI0000234,hsa-mir-192,chr11,-,64891137,64891246
MI0000732,hsa-mir-194-2,chr11,-,64891355,64891439
MI0022595,hsa-mir-6750,chr11,-,64898363,64898437
MI0022594,hsa-mir-6749,chr11,-,64902387,64902455
MI0022726,hsa-mir-6879,chr11,+,65018505,65018570
MI0022596,hsa-mir-6751,chr11,-,65129916,65129978
MI0003625,hsa-mir-612,chr11,+,65444458,65444557
MI0017323,hsa-mir-4690,chr11,+,65636310,65636369
MI0016850,hsa-mir-4489,chr11,+,65649192,65649253
MI0014193,hsa-mir-3163,chr11,-,66934434,66934506
MI0022707,hsa-mir-6860,chr11,+,67045643,67045708
MI0022597,hsa-mir-6752,chr11,+,67490245,67490315
MI0022964,hsa-mir-7113,chr11,+,68032864,68032922
MI0017324,hsa-mir-4691,chr11,+,68033897,68033981
MI0022598,hsa-mir-6753,chr11,+,68044794,68044957
MI0014194,hsa-mir-3164,chr11,+,69083176,69083258
MI0006354,hsa-mir-548k,chr11,+,70283955,70284070
MI0016065,hsa-mir-3664,chr11,-,70872270,70872368
MI0022599,hsa-mir-6754,chr11,+,71473503,71473568
MI0014195,hsa-mir-3165,chr11,-,72072228,72072302
MI0000261,hsa-mir-139,chr11,-,72615063,72615130
MI0017325,hsa-mir-4692,chr11,+,72783530,72783592
MI0016851,hsa-mir-548al,chr11,+,74399237,74399333
MI0017329,hsa-mir-4696,chr11,-,74720268,74720337
MI0000808,hsa-mir-326,chr11,-,75335092,75335186
MI0005543,hsa-mir-708,chr11,-,79402022,79402109
MI0019133,hsa-mir-5579,chr11,-,79422169,79422226
MI0015831,hsa-mir-4300,chr11,-,81890741,81890836
MI0022600,hsa-mir-6755,chr11,+,86278333,86278398
MI0014196,hsa-mir-3166,chr11,+,88176502,88176593
MI0016852,hsa-mir-4490,chr11,-,90555774,90555857
MI0006396,hsa-mir-1261,chr11,-,90869121,90869202
MI0006371,hsa-mir-1304,chr11,-,93733674,93733764
MI0006361,hsa-mir-548l,chr11,-,94466495,94466580
MI0014197,hsa-mir-1260b,chr11,+,96341438,96341526
MI0016427,hsa-mir-3920,chr11,-,101519820,101519905
MI0017326,hsa-mir-4693,chr11,+,103849906,103849980
MI0016853,hsa-mir-4491,chr11,+,111347757,111347824
MI0000742,hsa-mir-34b,chr11,+,111512938,111513021
MI0000743,hsa-mir-34c,chr11,+,111513439,111513515
MI0015828,hsa-mir-4301,chr11,-,113450023,113450088
MI0022550,hsa-mir-6716,chr11,+,118644000,118644079
MI0016854,hsa-mir-4492,chr11,+,118910708,118910787
MI0022601,hsa-mir-6756,chr11,-,119312950,119313012
MI0000446,hsa-mir-125b-1,chr11,-,122099757,122099844
MI0000061,hsa-let-7a-2,chr11,-,122146522,122146593
MI0033673,hsa-mir-10526,chr11,-,122152103,122152156
MI0000102,hsa-mir-100,chr11,-,122152229,122152308
MI0016855,hsa-mir-4493,chr11,-,123381440,123381512
MI0014198,hsa-mir-3167,chr11,-,126988458,126988542
MI0020367,hsa-mir-6090,chr11,+,128522390,128522449
MI0025888,hsa-mir-8052,chr11,+,130666735,130666803
MI0017330,hsa-mir-4697,chr11,-,133898504,133898581
MI0016049,hsa-mir-3649,chr12,-,1660315,1660380
MI0000650,hsa-mir-200c,chr12,+,6963699,6963766
MI0000457,hsa-mir-141,chr12,+,6964097,6964191
MI0015975,hsa-mir-1244-3,chr12,-,9239467,9239551
MI0031511,hsa-mir-1244-4,chr12,+,12111952,12112036
MI0003626,hsa-mir-613,chr12,+,12764649,12764743
MI0003627,hsa-mir-614,chr12,+,12915829,12915918
MI0016992,hsa-mir-3974,chr12,+,17673299,17673394
MI0005712,hsa-mir-920,chr12,+,24212421,24212495
MI0015833,hsa-mir-4302,chr12,-,25874020,25874079
MI0025521,hsa-mir-7851,chr12,-,42323700,42323859
MI0017331,hsa-mir-4698,chr12,+,47187812,47187891
MI0016856,hsa-mir-4494,chr12,-,47364186,47364269
MI0022217,hsa-mir-6505,chr12,+,48132797,48132867
MI0006353,hsa-mir-1291,chr12,-,48654444,48654530
MI0017334,hsa-mir-4701,chr12,-,48771975,48772037
MI0006355,hsa-mir-1293,chr12,-,50234142,50234212
MI0031826,hsa-mir-9898,chr12,-,52898889,52898984
MI0022602,hsa-mir-6757,chr12,+,53056944,53057012
MI0000279,hsa-mir-196a-2,chr12,+,53991738,53991847
MI0003628,hsa-mir-615,chr12,+,54033950,54034045
MI0017335,hsa-mir-3198-2,chr12,-,54231397,54231476
MI0000811,hsa-mir-148b,chr12,+,54337216,54337314
MI0006318,hsa-mir-1228,chr12,+,57194504,57194576
MI0022603,hsa-mir-6758,chr12,+,57512688,57512750
MI0003629,hsa-mir-616,chr12,-,57519163,57519259
MI0022604,hsa-mir-6759,chr12,-,57748618,57748682
MI0000750,hsa-mir-26a-2,chr12,-,57824609,57824692
MI0021259,hsa-mir-6125,chr12,+,62260359,62260454
MI0000434,hsa-let-7i,chr12,+,62603686,62603769
MI0033674,hsa-mir-10527,chr12,+,63823663,63823727
MI0003630,hsa-mir-548c,chr12,+,64622509,64622605
MI0016688,hsa-mir-548z,chr12,-,64622509,64622605
MI0020351,hsa-mir-6074,chr12,-,66023620,66023726
MI0022214,hsa-mir-6502,chr12,+,66251082,66251157
MI0006426,hsa-mir-1279,chr12,-,69273157,69273218
MI0016417,hsa-mir-3913-1,chr12,-,69584722,69584823
MI0016418,hsa-mir-3913-2,chr12,+,69584723,69584822
MI0006434,hsa-mir-1252,chr12,+,79419257,79419321
MI0003631,hsa-mir-617,chr12,-,80832533,80832629
MI0003632,hsa-mir-618,chr12,-,80935736,80935833
MI0017332,hsa-mir-4699,chr12,+,81158388,81158461
MI0039499,hsa-mir-3059,chr12,-,86745068,86745149
MI0019307,hsa-mir-5700,chr12,+,94561789,94561859
MI0025514,hsa-mir-7844,chr12,-,94571231,94571352
MI0003131,hsa-mir-492,chr12,+,94834398,94834513
MI0000812,hsa-mir-331,chr12,+,95308420,95308513
MI0016086,hsa-mir-3685,chr12,+,95309923,95309984
MI0006386,hsa-mir-1251,chr12,+,97491909,97491978
MI0000453,hsa-mir-135a-2,chr12,+,97563812,97563911
MI0016857,hsa-mir-4495,chr12,-,97939056,97939121
MI0015834,hsa-mir-4303,chr12,-,97995383,97995448
MI0008195,hsa-mir-1827,chr12,+,100189884,100189949
MI0016052,hsa-mir-3652,chr12,+,103930425,103930555
MI0016429,hsa-mir-3922,chr12,+,104591633,104591716
MI0016858,hsa-mir-4496,chr12,+,108635810,108635870
MI0003633,hsa-mir-619,chr12,-,108836908,108837006
MI0016859,hsa-mir-4497,chr12,+,109833348,109833436
MI0022605,hsa-mir-6760,chr12,+,111304142,111304209
MI0022606,hsa-mir-6761,chr12,+,111799834,111799905
MI0016057,hsa-mir-3657,chr12,-,112037599,112037715
MI0022708,hsa-mir-6861,chr12,-,112163258,112163321
MI0006362,hsa-mir-1302-1,chr12,-,112695034,112695176
MI0022957,hsa-mir-7106,chr12,-,113159113,113159177
MI0022607,hsa-mir-6762,chr12,+,113291523,113291608
MI0003634,hsa-mir-620,chr12,-,116148560,116148654
MI0016824,hsa-mir-4472-2,chr12,-,116428252,116428318
MI0006271,hsa-mir-1178,chr12,-,119713634,119713724
MI0016860,hsa-mir-4498,chr12,-,120155434,120155499
MI0017333,hsa-mir-4700,chr12,+,120723193,120723266
MI0022958,hsa-mir-7107,chr12,-,121444273,121444352
MI0031830,hsa-mir-9902-1,chr12,-,122695907,122695999
MI0041071,hsa-mir-9902-2,chr12,-,122709332,122709424
MI0015832,hsa-mir-4304,chr12,-,123010667,123010728
MI0025908,hsa-mir-8072,chr12,-,123364764,123364843
MI0016412,hsa-mir-3908,chr12,+,123536409,123536534
MI0022727,hsa-mir-6880,chr12,-,124337181,124337242
MI0018167,hsa-mir-5188,chr12,+,124915547,124915659
MI0016002,hsa-mir-3612,chr12,+,128294092,128294178
MI0022608,hsa-mir-6763,chr12,+,132581997,132582061
MI0016862,hsa-mir-4499,chr13,-,20433778,20433846
MI0011282,hsa-mir-2276,chr13,+,24162416,24162504
MI0015835,hsa-mir-4305,chr13,-,39664034,39664135
MI0008190,hsa-mir-320d-1,chr13,-,40727816,40727887
MI0003635,hsa-mir-621,chr13,+,40810766,40810861
MI0014199,hsa-mir-3168,chr13,-,41101019,41101100
MI0017873,hsa-mir-5006,chr13,-,41568286,41568395
MI0025915,hsa-mir-8079,chr13,-,44196129,44196200
MI0016003,hsa-mir-3613,chr13,-,49996415,49996501
MI0000070,hsa-mir-16-1,chr13,-,50048973,50049061
MI0000069,hsa-mir-15a,chr13,-,50049119,50049201
MI0019300,hsa-mir-5693,chr13,-,51348567,51348639
MI0017336,hsa-mir-4703,chr13,+,51552589,51552667
MI0004065,hsa-mir-759,chr13,+,52810050,52810140
MI0006358,hsa-mir-1297,chr13,-,54311972,54312048
MI0017874,hsa-mir-5007,chr13,+,55174454,55174548
MI0014200,hsa-mir-3169,chr13,-,61199798,61199880
MI0016833,hsa-mir-548x-2,chr13,-,65966330,65966429
MI0017337,hsa-mir-4704,chr13,+,66218250,66218324
MI0016066,hsa-mir-3665,chr13,-,77698012,77698116
MI0016863,hsa-mir-4500,chr13,-,87618665,87618740
MI0003636,hsa-mir-622,chr13,+,90231182,90231277
MI0000071,hsa-mir-17,chr13,+,91350605,91350688
MI0000072,hsa-mir-18a,chr13,+,91350751,91350821
MI0000073,hsa-mir-19a,chr13,+,91350891,91350972
MI0000076,hsa-mir-20a,chr13,+,91351065,91351135
MI0000074,hsa-mir-19b-1,chr13,+,91351192,91351278
MI0000093,hsa-mir-92a-1,chr13,+,91351314,91351391
MI0019132,hsa-mir-548as,chr13,+,92490163,92490220
MI0016864,hsa-mir-4501,chr13,+,96427229,96427292
MI0014201,hsa-mir-3170,chr13,+,98208524,98208600
MI0003637,hsa-mir-623,chr13,+,99356131,99356228
MI0015836,hsa-mir-4306,chr13,+,99643059,99643149
MI0012062,hsa-mir-2681,chr13,-,101967642,101967746
MI0017338,hsa-mir-4705,chr13,-,102045934,102046004
MI0006404,hsa-mir-1267,chr13,-,107531171,107531248
MI0025909,hsa-mir-8073,chr13,+,110340958,110341029
MI0025911,hsa-mir-8075,chr13,+,113262920,113262999
MI0019131,hsa-mir-548ar,chr13,+,114244505,114244561
MI0016865,hsa-mir-4502,chr13,+,114273828,114273908
MI0022551,hsa-mir-6717,chr14,-,21023314,21023386
MI0017340,hsa-mir-4707,chr14,-,22956950,22957029
MI0000251,hsa-mir-208a,chr14,-,23388596,23388666
MI0005570,hsa-mir-208b,chr14,-,23417987,23418063
MI0025239,hsa-mir-7703,chr14,-,24143489,24143565
MI0015838,hsa-mir-4307,chr14,+,26908642,26908725
MI0014202,hsa-mir-3171,chr14,-,27633205,27633278
MI0003638,hsa-mir-624,chr14,-,31014646,31014742
MI0016866,hsa-mir-4503,chr14,-,36952309,36952391
MI0016595,hsa-mir-548y,chr14,-,47760995,47761104
MI0020353,hsa-mir-6076,chr14,+,49966399,49966511
MI0016867,hsa-mir-4504,chr14,-,50299855,50299946
MI0019135,hsa-mir-5580,chr14,-,53948427,53948484
MI0015839,hsa-mir-4308,chr14,-,54878113,54878193
MI0019143,hsa-mir-5586,chr14,-,59646962,59647020
MI0030983,hsa-mir-9718,chr14,+,60648648,60648711
MI0006411,hsa-mir-548h-1,chr14,-,64095024,64095125
MI0025525,hsa-mir-7855,chr14,-,64785626,64785686
MI0017339,hsa-mir-4706,chr14,+,65044688,65044769
MI0017341,hsa-mir-4708,chr14,-,65335117,65335183
MI0003639,hsa-mir-625,chr14,+,65471102,65471186
MI0019301,hsa-mir-5694,chr14,-,67441855,67441930
MI0025510,hsa-mir-7843,chr14,+,72516820,72516898
MI0016868,hsa-mir-4505,chr14,+,73758747,73758819
MI0017342,hsa-mir-4709,chr14,-,74480133,74480204
MI0006394,hsa-mir-1260a,chr14,+,77266218,77266290
MI0016869,hsa-mir-4506,chr14,-,93948226,93948302
MI0014204,hsa-mir-3173,chr14,-,95137919,95137986
MI0003772,hsa-mir-151b,chr14,-,100109419,100109514
MI0000805,hsa-mir-342,chr14,+,100109655,100109753
MI0022609,hsa-mir-6764,chr14,+,100277357,100277417
MI0000825,hsa-mir-345,chr14,+,100307859,100307956
MI0016870,hsa-mir-2392,chr14,+,100814491,100814574
MI0005118,hsa-mir-770,chr14,+,100852390,100852487
MI0003132,hsa-mir-493,chr14,+,100869060,100869148
MI0000806,hsa-mir-337,chr14,+,100874493,100874585
MI0005563,hsa-mir-665,chr14,+,100875033,100875104
MI0001721,hsa-mir-431,chr14,+,100881007,100881120
MI0001723,hsa-mir-433,chr14,+,100881886,100881978
MI0000472,hsa-mir-127,chr14,+,100882979,100883075
MI0003133,hsa-mir-432,chr14,+,100884483,100884576
MI0000475,hsa-mir-136,chr14,+,100884702,100884783
MI0000778,hsa-mir-370,chr14,+,100911139,100911213
MI0000787,hsa-mir-379,chr14,+,101022066,101022132
MI0003675,hsa-mir-411,chr14,+,101023325,101023420
MI0000744,hsa-mir-299,chr14,+,101023794,101023856
MI0000788,hsa-mir-380,chr14,+,101025017,101025077
MI0006656,hsa-mir-1197,chr14,+,101025564,101025651
MI0000807,hsa-mir-323a,chr14,+,101025732,101025817
MI0003757,hsa-mir-758,chr14,+,101026020,101026107
MI0001725,hsa-mir-329-1,chr14,+,101026785,101026864
MI0001726,hsa-mir-329-2,chr14,+,101027100,101027183
MI0003134,hsa-mir-494,chr14,+,101029634,101029714
MI0014205,hsa-mir-1193,chr14,+,101030052,101030129
MI0005565,hsa-mir-543,chr14,+,101031987,101032064
MI0003135,hsa-mir-495,chr14,+,101033755,101033836
MI0000776,hsa-mir-376c,chr14,+,101039690,101039755
MI0003529,hsa-mir-376a-2,chr14,+,101040069,101040148
MI0003676,hsa-mir-654,chr14,+,101040219,101040299
MI0002466,hsa-mir-376b,chr14,+,101040436,101040535
MI0000784,hsa-mir-376a-1,chr14,+,101040782,101040849
MI0005525,hsa-mir-300,chr14,+,101041363,101041445
MI0003844,hsa-mir-1185-1,chr14,+,101042977,101043062
MI0003821,hsa-mir-1185-2,chr14,+,101044198,101044283
MI0000789,hsa-mir-381,chr14,+,101045920,101045994
MI0003530,hsa-mir-487b,chr14,+,101046455,101046538
MI0003514,hsa-mir-539,chr14,+,101047321,101047398
MI0005540,hsa-mir-889,chr14,+,101047901,101047979
MI0003515,hsa-mir-544a,chr14,+,101048658,101048748
MI0003677,hsa-mir-655,chr14,+,101049550,101049646
MI0002471,hsa-mir-487a,chr14,+,101052446,101052525
MI0000790,hsa-mir-382,chr14,+,101054306,101054381
MI0000474,hsa-mir-134,chr14,+,101054687,101054759
MI0003761,hsa-mir-668,chr14,+,101055258,101055323
MI0002469,hsa-mir-485,chr14,+,101055419,101055491
MI0014206,hsa-mir-323b,chr14,+,101056219,101056300
MI0000480,hsa-mir-154,chr14,+,101059755,101059838
MI0003136,hsa-mir-496,chr14,+,101060573,101060674
MI0000785,hsa-mir-377,chr14,+,101062050,101062118
MI0005539,hsa-mir-541,chr14,+,101064495,101064578
MI0001735,hsa-mir-409,chr14,+,101065300,101065378
MI0002464,hsa-mir-412,chr14,+,101065447,101065537
MI0000777,hsa-mir-369,chr14,+,101065598,101065667
MI0002465,hsa-mir-410,chr14,+,101065912,101065991
MI0003678,hsa-mir-656,chr14,+,101066724,101066801
MI0006382,hsa-mir-1247,chr14,-,101560287,101560422
MI0015837,hsa-mir-4309,chr14,+,102539644,102539726
MI0000283,hsa-mir-203a,chr14,+,104117405,104117514
MI0017343,hsa-mir-203b,chr14,-,104117418,104117503
MI0017344,hsa-mir-4710,chr14,-,104677694,104677749
MI0039723,hsa-mir-12121,chr14,+,104865314,104865411
MI0022610,hsa-mir-6765,chr14,-,105150778,105150864
MI0025907,hsa-mir-8071-1,chr14,+,105621116,105621180
MI0026417,hsa-mir-8071-2,chr14,+,105640168,105640232
MI0016910,hsa-mir-4539,chr14,-,105857513,105857572
MI0016871,hsa-mir-4507,chr14,-,105858124,105858175
MI0016909,hsa-mir-4538,chr14,-,105858165,105858242
MI0016908,hsa-mir-4537,chr14,-,105859484,105859553
MI0018174,hsa-mir-5195,chr14,-,106850885,106850999
MI0014132,hsa-mir-3118-2,chr15,+,20832795,20832869
MI0019308,hsa-mir-5701-1,chr15,+,20940252,20940333
MI0014133,hsa-mir-3118-3,chr15,+,21406385,21406459
MI0019593,hsa-mir-5701-2,chr15,+,21513959,21514040
MI0014207,hsa-mir-3118-4,chr15,+,21843750,21843824
MI0031522,hsa-mir-5701-3,chr15,+,21951242,21951323
MI0006405,hsa-mir-1268a,chr15,-,22225278,22225329
MI0016873,hsa-mir-4509-1,chr15,+,23197827,23197920
MI0016872,hsa-mir-4508,chr15,-,23562062,23562131
MI0017349,hsa-mir-4715,chr15,-,25848747,25848825
MI0016874,hsa-mir-4509-2,chr15,+,28426491,28426584
MI0016875,hsa-mir-4509-3,chr15,-,28490752,28490845
MI0000287,hsa-mir-211,chr15,-,31065032,31065141
MI0006323,hsa-mir-1233-1,chr15,-,34382069,34382150
MI0015973,hsa-mir-1233-2,chr15,-,34528290,34528371
MI0016599,hsa-mir-3942,chr15,-,35372256,35372364
MI0016876,hsa-mir-4510,chr15,+,35926856,35926923
MI0025899,hsa-mir-8063,chr15,-,36972821,36972901
MI0003640,hsa-mir-626,chr15,+,41691585,41691678
MI0015840,hsa-mir-4310,chr15,-,41866495,41866551
MI0003641,hsa-mir-627,chr15,-,42199570,42199666
MI0006429,hsa-mir-1282,chr15,-,43793659,43793759
MI0033417,hsa-mir-10393,chr15,+,44717844,44717893
MI0005544,hsa-mir-147b,chr15,+,45433050,45433129
MI0017350,hsa-mir-4716,chr15,-,49169070,49169153
MI0017346,hsa-mir-4712,chr15,+,50360329,50360410
MI0017347,hsa-mir-4713,chr15,+,51242190,51242264
MI0025749,hsa-mir-7973-2,chr15,-,51314032,51314107
MI0025748,hsa-mir-7973-1,chr15,+,51314034,51314109
MI0006403,hsa-mir-1266,chr15,-,52277117,52277200
MI0003642,hsa-mir-628,chr15,-,55372940,55373034
MI0010635,hsa-mir-2116,chr15,-,59171183,59171262
MI0025903,hsa-mir-8067,chr15,-,62304658,62304734
MI0020362,hsa-mir-6085,chr15,+,62343029,62343138
MI0000486,hsa-mir-190a,chr15,+,62823957,62824041
MI0001444,hsa-mir-422a,chr15,-,63870930,63871019
MI0006408,hsa-mir-1272,chr15,-,64762387,64762515
MI0016877,hsa-mir-4511,chr15,-,65719246,65719332
MI0015841,hsa-mir-4311,chr15,+,66040233,66040332
MI0016878,hsa-mir-4512,chr15,-,66496958,66497034
MI0015842,hsa-mir-4312,chr15,-,68801850,68801925
MI0003643,hsa-mir-629,chr15,-,70079372,70079468
MI0003644,hsa-mir-630,chr15,+,72587217,72587313
MI0039739,hsa-mir-12135,chr15,+,73299910,73299979
MI0022728,hsa-mir-6881,chr15,-,74411357,74411432
MI0016879,hsa-mir-4513,chr15,-,74788672,74788757
MI0022729,hsa-mir-6882,chr15,-,74840642,74840707
MI0003645,hsa-mir-631,chr15,-,75353611,75353685
MI0015843,hsa-mir-4313,chr15,-,75762215,75762315
MI0000481,hsa-mir-184,chr15,+,79209788,79209871
MI0019117,hsa-mir-5572,chr15,+,80581103,80581239
MI0003679,hsa-mir-549a,chr15,-,80841978,80842073
MI0016880,hsa-mir-4514,chr15,-,80997417,80997473
MI0016881,hsa-mir-4515,chr15,+,83067335,83067415
MI0025242,hsa-mir-7706,chr15,+,85380596,85380662
MI0006416,hsa-mir-1276,chr15,-,85770496,85770578
MI0017875,hsa-mir-548ap,chr15,+,85825635,85825730
MI0035972,hsa-mir-11181,chr15,-,87946206,87946268
MI0006272,hsa-mir-1179,chr15,+,88608107,88608197
MI0000264,hsa-mir-7-2,chr15,+,88611825,88611934
MI0017351,hsa-mir-3529,chr15,-,88611847,88611924
MI0022611,hsa-mir-6766,chr15,-,89326739,89326810
MI0000468,hsa-mir-9-3,chr15,+,89368017,89368106
MI0017983,hsa-mir-5094,chr15,-,89850637,89850721
MI0017877,hsa-mir-5009,chr15,-,89883931,89884030
MI0014208,hsa-mir-3174,chr15,+,90006755,90006841
MI0014209,hsa-mir-3175,chr15,+,92904399,92904475
MI0007074,hsa-mir-1469,chr15,+,96333261,96333307
MI0017348,hsa-mir-4714,chr15,+,98784426,98784502
MI0015979,hsa-mir-1302-10,chr15,-,101960459,101960596
MI0026421,hsa-mir-6859-3,chr15,+,101973524,101973591
MI0031521,hsa-mir-6859-4,chr16,-,17052,17119
MI0019144,hsa-mir-5587,chr16,+,535316,535368
MI0014210,hsa-mir-3176,chr16,+,543277,543366
MI0003670,hsa-mir-662,chr16,+,770183,770277
MI0014211,hsa-mir-3177,chr16,+,1734985,1735066
MI0006311,hsa-mir-1225,chr16,-,2090195,2090284
MI0022552,hsa-mir-6511b-1,chr16,-,2106669,2106753
MI0016882,hsa-mir-4516,chr16,+,2133119,2133204
MI0016409,hsa-mir-3180-5,chr16,-,2135977,2136129
MI0016078,hsa-mir-3677,chr16,+,2270713,2270772
MI0005762,hsa-mir-940,chr16,+,2271747,2271840
MI0017352,hsa-mir-4717,chr16,+,2274620,2274691
MI0022612,hsa-mir-6767,chr16,+,2445392,2445457
MI0022613,hsa-mir-6768,chr16,+,2463967,2464038
MI0014212,hsa-mir-3178,chr16,-,2531922,2532005
MI0021260,hsa-mir-6126,chr16,-,3485381,3485469
MI0022614,hsa-mir-6769a,chr16,+,4671318,4671390
MI0025901,hsa-mir-8065,chr16,+,5632467,5632566
MI0006412,hsa-mir-548h-2,chr16,-,11306440,11306527
MI0017353,hsa-mir-4718,chr16,+,12720321,12720371
MI0003137,hsa-mir-193b,chr16,+,14303967,14304049
MI0000767,hsa-mir-365a,chr16,+,14309285,14309371
MI0014213,hsa-mir-3179-1,chr16,+,14901508,14901591
MI0016071,hsa-mir-3670-1,chr16,+,14907717,14907781
MI0014214,hsa-mir-3180-1,chr16,+,14911220,14911313
MI0022223,hsa-mir-6511a-1,chr16,+,14925937,14926003
MI0022615,hsa-mir-6770-1,chr16,+,14930820,14930879
MI0009982,hsa-mir-1972-1,chr16,-,15010321,15010397
MI0023431,hsa-mir-6511b-2,chr16,-,15134075,15134145
MI0016408,hsa-mir-3180-4,chr16,-,15154850,15155002
MI0022218,hsa-mir-6506,chr16,-,15611030,15611095
MI0002468,hsa-mir-484,chr16,+,15643294,15643372
MI0014216,hsa-mir-3179-2,chr16,+,16300159,16300242
MI0019112,hsa-mir-3670-2,chr16,+,16306370,16306434
MI0014215,hsa-mir-3180-2,chr16,+,16309879,16309966
MI0023564,hsa-mir-6511a-2,chr16,+,16324588,16324654
MI0026418,hsa-mir-6770-2,chr16,+,16329305,16329364
MI0023565,hsa-mir-6511a-3,chr16,+,16368876,16368942
MI0023566,hsa-mir-6511a-4,chr16,-,18344013,18344079
MI0026419,hsa-mir-6770-3,chr16,-,18379351,18379410
MI0014217,hsa-mir-3180-3,chr16,-,18402178,18402271
MI0031513,hsa-mir-3670-3,chr16,-,18405698,18405762
MI0014221,hsa-mir-3179-3,chr16,-,18411894,18411977
MI0031514,hsa-mir-3670-4,chr16,-,18488301,18488365
MI0031510,hsa-mir-3179-4,chr16,-,18494493,18494576
MI0016081,hsa-mir-3680-1,chr16,-,21506049,21506135
MI0025512,hsa-mir-1273h,chr16,+,24203116,24203231
MI0014222,hsa-mir-548w,chr16,+,26025237,26025310
MI0022709,hsa-mir-6862-1,chr16,-,28390982,28391051
MI0026415,hsa-mir-6862-2,chr16,+,28724252,28724321
MI0017356,hsa-mir-4721,chr16,-,28843919,28844007
MI0016883,hsa-mir-4517,chr16,+,28958583,28958661
MI0019113,hsa-mir-3680-2,chr16,-,29599179,29599265
MI0016884,hsa-mir-4518,chr16,+,30503919,30504001
MI0016885,hsa-mir-4519,chr16,-,30875266,30875323
MI0003892,hsa-mir-762,chr16,+,30893903,30893985
MI0031829,hsa-mir-9901,chr16,+,34163578,34163673
MI0022616,hsa-mir-6771,chr16,+,50292616,50292675
MI0014223,hsa-mir-3181,chr16,+,50742305,50742377
MI0016591,hsa-mir-3935,chr16,+,56245520,56245623
MI0000455,hsa-mir-138-2,chr16,+,56858518,56858601
MI0022710,hsa-mir-6863,chr16,+,56904264,56904353
MI0022617,hsa-mir-6772,chr16,-,57772289,57772352
MI0000804,hsa-mir-328,chr16,-,67202321,67202395
MI0022618,hsa-mir-6773,chr16,-,68233426,68233499
MI0007259,hsa-mir-1538,chr16,-,69565808,69565868
MI0000456,hsa-mir-140,chr16,+,69933081,69933180
MI0015977,hsa-mir-1972-2,chr16,+,70030346,70030422
MI0017354,hsa-mir-4719,chr16,+,76868936,76869019
MI0017355,hsa-mir-4720,chr16,+,81385018,81385093
MI0025524,hsa-mir-7854,chr16,+,81533902,81533966
MI0022216,hsa-mir-6504,chr16,+,81611348,81611408
MI0025894,hsa-mir-8058,chr16,+,82688931,82689019
MI0014224,hsa-mir-3182,chr16,+,83508346,83508408
MI0039730,hsa-mir-12128,chr16,+,85207796,85207895
MI0017982,hsa-mir-5093,chr16,-,85306226,85306325
MI0008331,hsa-mir-1910,chr16,-,85741621,85741700
MI0022619,hsa-mir-6774,chr16,+,85918347,85918416
MI0022620,hsa-mir-6775,chr16,-,87834592,87834660
MI0036560,hsa-mir-11401,chr16,+,87853896,87853964
MI0018168,hsa-mir-5189,chr16,+,88468918,88469031
MI0017357,hsa-mir-4722,chr16,-,88716278,88716337
MI0014225,hsa-mir-3183,chr17,-,1022476,1022559
MI0000078,hsa-mir-22,chr17,-,1713903,1713987
MI0000449,hsa-mir-132,chr17,-,2049908,2050008
MI0000288,hsa-mir-212,chr17,-,2050271,2050380
MI0022621,hsa-mir-6776,chr17,-,2692861,2692919
MI0006387,hsa-mir-1253,chr17,-,2748078,2748182
MI0022711,hsa-mir-6864,chr17,-,4969702,4969771
MI0022712,hsa-mir-6865,chr17,-,4970086,4970150
MI0016886,hsa-mir-4520-1,chr17,-,6655440,6655509
MI0017358,hsa-mir-4520-2,chr17,+,6655449,6655502
MI0000489,hsa-mir-195,chr17,-,7017615,7017701
MI0003138,hsa-mir-497,chr17,-,7017911,7018022
MI0000813,hsa-mir-324,chr17,-,7223297,7223379
MI0015846,hsa-mir-4314,chr17,+,8088056,8088147
MI0022730,hsa-mir-6883,chr17,-,8144994,8145071
MI0016887,hsa-mir-4521,chr17,+,8186945,8187004
MI0005559,hsa-mir-744,chr17,+,12081899,12081996
MI0016888,hsa-mir-1269b,chr17,-,12917268,12917342
MI0006413,hsa-mir-548h-3,chr17,-,13543529,13543646
MI0017368,hsa-mir-4731,chr17,-,15251627,15251696
MI0006432,hsa-mir-1288,chr17,+,16282014,16282088
MI0022622,hsa-mir-6777,chr17,-,17813480,17813545
MI0003646,hsa-mir-33b,chr17,-,17813836,17813931
MI0022623,hsa-mir-6778,chr17,-,18340814,18340886
MI0006273,hsa-mir-1180,chr17,-,19344506,19344574
MI0016889,hsa-mir-4522,chr17,-,27293910,27293996
MI0017359,hsa-mir-4723,chr17,+,28360654,28360734
MI0001729,hsa-mir-451a,chr17,-,28861369,28861440
MI0017360,hsa-mir-451b,chr17,+,28861371,28861438
MI0000460,hsa-mir-144,chr17,-,28861533,28861618
MI0017369,hsa-mir-4732,chr17,-,28861655,28861730
MI0016890,hsa-mir-4523,chr17,+,29390662,29390730
MI0001445,hsa-mir-423,chr17,+,30117079,30117172
MI0014226,hsa-mir-3184,chr17,-,30117086,30117160
MI0017370,hsa-mir-4733,chr17,-,31094350,31094425
MI0017361,hsa-mir-4724,chr17,+,31534883,31534971
MI0000487,hsa-mir-193a,chr17,+,31559996,31560083
MI0017362,hsa-mir-4725,chr17,+,31575269,31575358
MI0000769,hsa-mir-365b,chr17,+,31575411,31575521
MI0003647,hsa-mir-632,chr17,+,32350109,32350202
MI0013083,hsa-mir-2909,chr17,+,37033745,37033813
MI0021273,hsa-mir-378j,chr17,-,37614931,37615039
MI0017371,hsa-mir-4734,chr17,-,38702262,38702331
MI0017363,hsa-mir-4726,chr17,+,38719691,38719748
MI0017364,hsa-mir-4727,chr17,+,38825838,38825892
MI0022624,hsa-mir-6779,chr17,+,38914979,38915042
MI0032315,hsa-mir-548bc,chr17,+,39297400,39297509
MI0017365,hsa-mir-4728,chr17,+,39726495,39726561
MI0022731,hsa-mir-6884,chr17,-,40026332,40026409
MI0022713,hsa-mir-6866,chr17,+,40161933,40162001
MI0022714,hsa-mir-6867,chr17,+,40193597,40193663
MI0022222,hsa-mir-6510,chr17,-,41517164,41517217
MI0019137,hsa-mir-548at,chr17,+,42494773,42494830
MI0017878,hsa-mir-5010,chr17,+,42514188,42514307
MI0022625,hsa-mir-6780a,chr17,-,42708084,42708151
MI0022626,hsa-mir-6781,chr17,-,42823880,42823943
MI0010636,hsa-mir-2117,chr17,+,43444806,43444885
MI0022627,hsa-mir-6782,chr17,-,44207771,44207839
MI0022628,hsa-mir-6783,chr17,-,44934618,44934681
MI0022629,hsa-mir-6784,chr17,-,45114367,45114433
MI0015844,hsa-mir-4315-1,chr17,-,45475363,45475435
MI0017978,hsa-mir-5089,chr17,+,46973017,46973100
MI0033056,hsa-mir-10226,chr17,+,48032882,48032951
MI0000462,hsa-mir-152,chr17,-,48037161,48037247
MI0006335,hsa-mir-1203,chr17,-,48156427,48156511
MI0000266,hsa-mir-10a,chr17,-,48579838,48579947
MI0000238,hsa-mir-196a-1,chr17,-,48632490,48632559
MI0014227,hsa-mir-3185,chr17,-,48724408,48724475
MI0021274,hsa-mir-6129,chr17,-,49288346,49288454
MI0021472,hsa-mir-6165,chr17,+,49510817,49510900
MI0025895,hsa-mir-8059,chr17,+,50768650,50768730
MI0016004,hsa-mir-3614,chr17,-,56891270,56891355
MI0000458,hsa-mir-142,chr17,-,58331232,58331318
MI0017373,hsa-mir-4736,chr17,-,58335976,58336022
MI0003820,hsa-mir-454,chr17,-,59137758,59137872
MI0000745,hsa-mir-301a,chr17,-,59151136,59151221
MI0017366,hsa-mir-4729,chr17,+,59366083,59366154
MI0000077,hsa-mir-21,chr17,+,59841266,59841337
MI0017374,hsa-mir-4737,chr17,-,60043025,60043105
MI0003648,hsa-mir-633,chr17,+,62944215,62944312
MI0017375,hsa-mir-3064,chr17,-,64500774,64500839
MI0017932,hsa-mir-5047,chr17,-,64501214,64501313
MI0020357,hsa-mir-6080,chr17,+,64780759,64780824
MI0015983,hsa-mir-4315-2,chr17,-,64822030,64822102
MI0003649,hsa-mir-634,chr17,+,66787072,66787168
MI0003671,hsa-mir-548d-2,chr17,-,67471489,67471585
MI0016690,hsa-mir-548aa-2,chr17,+,67471489,67471585
MI0003650,hsa-mir-635,chr17,-,68424451,68424548
MI0019114,hsa-mir-4524b,chr17,+,69099542,69099656
MI0016891,hsa-mir-4524a,chr17,-,69099564,69099632
MI0016005,hsa-mir-3615,chr17,+,74748613,74748699
MI0016079,hsa-mir-3678,chr17,+,75406069,75406162
MI0022630,hsa-mir-6785,chr17,+,75498548,75498628
MI0017376,hsa-mir-4738,chr17,-,75784521,75784607
MI0022715,hsa-mir-6868,chr17,-,76098019,76098076
MI0003651,hsa-mir-636,chr17,-,76736450,76736548
MI0025513,hsa-mir-6516,chr17,+,77089417,77089497
MI0015845,hsa-mir-4316,chr17,-,77396984,77397054
MI0017377,hsa-mir-4739,chr17,-,79707176,79707249
MI0016748,hsa-mir-1268b,chr17,+,80098828,80098877
MI0017367,hsa-mir-4730,chr17,+,80419418,80419493
MI0003681,hsa-mir-657,chr17,-,81125276,81125373
MI0014228,hsa-mir-3065,chr17,+,81125877,81125955
MI0000814,hsa-mir-338,chr17,-,81125883,81125949
MI0006385,hsa-mir-1250,chr17,-,81133196,81133308
MI0017378,hsa-mir-4740,chr17,-,81400716,81400778
MI0014229,hsa-mir-3186,chr17,-,81451104,81451188
MI0022631,hsa-mir-6786,chr17,+,81693757,81693869
MI0022632,hsa-mir-6787,chr17,+,82236668,82236728
MI0016892,hsa-mir-4525,chr17,-,82668233,82668307
MI0025914,hsa-mir-8078,chr18,-,112256,112339
MI0022553,hsa-mir-6718,chr18,+,3885353,3885432
MI0016994,hsa-mir-3976,chr18,+,5840695,5840833
MI0015850,hsa-mir-4317,chr18,-,6374361,6374425
MI0022633,hsa-mir-6788,chr18,-,10759584,10759649
MI0023613,hsa-mir-7153,chr18,-,11654885,11654941
MI0018169,hsa-mir-5190,chr18,+,13459947,13460026
MI0016893,hsa-mir-4526,chr18,+,13611114,13611200
MI0014230,hsa-mir-3156-2,chr18,+,14830166,14830242
MI0003778,hsa-mir-320c-1,chr18,+,21683518,21683589
MI0000450,hsa-mir-133a-1,chr18,-,21825698,21825785
MI0000437,hsa-mir-1-2,chr18,-,21829004,21829088
MI0017379,hsa-mir-4741,chr18,+,22933349,22933438
MI0008191,hsa-mir-320c-2,chr18,+,24321675,24321746
MI0025893,hsa-mir-8057,chr18,-,26591467,26591535
MI0006418,hsa-mir-302f,chr18,+,30298910,30298960
MI0016993,hsa-mir-3975,chr18,+,35591737,35591806
MI0000274,hsa-mir-187,chr18,-,35904818,35904926
MI0016439,hsa-mir-3929,chr18,-,35934088,35934142
MI0015847,hsa-mir-4318,chr18,+,37657135,37657215
MI0005716,hsa-mir-924,chr18,-,39622123,39622175
MI0019140,hsa-mir-5583-2,chr18,-,39676719,39676777
MI0019139,hsa-mir-5583-1,chr18,+,39676721,39676779
MI0015848,hsa-mir-4319,chr18,-,44970082,44970166
MI0016894,hsa-mir-4527,chr18,+,47380496,47380565
MI0017381,hsa-mir-4743,chr18,+,48670600,48670668
MI0017382,hsa-mir-4744,chr18,-,49049687,49049768
MI0007260,hsa-mir-1539,chr18,+,49487373,49487422
MI0015849,hsa-mir-4320,chr18,-,50126499,50126563
MI0016895,hsa-mir-4528,chr18,+,53237101,53237190
MI0016896,hsa-mir-4529,chr18,+,55479221,55479298
MI0000442,hsa-mir-122,chr18,+,58451074,58451158
MI0017383,hsa-mir-122b,chr18,-,58451080,58451152
MI0017879,hsa-mir-5011,chr18,+,67081584,67081686
MI0019152,hsa-mir-548av,chr18,-,72853321,72853382
MI0015980,hsa-mir-1302-11,chr19,+,71973,72110
MI0017384,hsa-mir-4745,chr19,+,804940,805001
MI0014231,hsa-mir-3187,chr19,+,813584,813653
MI0008330,hsa-mir-1909,chr19,-,1816159,1816238
MI0006316,hsa-mir-1227,chr19,-,2234062,2234149
MI0022634,hsa-mir-6789,chr19,-,2235829,2235926
MI0015852,hsa-mir-4321,chr19,+,2250639,2250718
MI0022959,hsa-mir-7108,chr19,-,2434914,2435000
MI0025520,hsa-mir-7850,chr19,+,2630715,2630793
MI0003652,hsa-mir-637,chr19,-,3961414,3961512
MI0017385,hsa-mir-4746,chr19,+,4445978,4446048
MI0000265,hsa-mir-7-3,chr19,+,4770670,4770779
MI0017386,hsa-mir-4747,chr19,+,4932687,4932740
MI0022732,hsa-mir-6885,chr19,-,6389638,6389703
MI0022635,hsa-mir-6790,chr19,-,6392921,6392983
MI0016597,hsa-mir-3940,chr19,-,6416410,6416511
MI0022636,hsa-mir-6791,chr19,-,6736712,6736778
MI0022637,hsa-mir-6792,chr19,+,7617439,7617505
MI0017865,hsa-mir-4999,chr19,-,8389290,8389380
MI0019148,hsa-mir-5589,chr19,+,10038354,10038413
MI0015851,hsa-mir-4322,chr19,+,10230413,10230485
MI0006274,hsa-mir-1181,chr19,-,10403458,10403538
MI0006328,hsa-mir-1238,chr19,+,10552122,10552204
MI0003653,hsa-mir-638,chr19,+,10718404,10718503
MI0017387,hsa-mir-4748,chr19,+,10780254,10780335
MI0000242,hsa-mir-199a-1,chr19,-,10817426,10817496
MI0022638,hsa-mir-6793,chr19,+,10828973,10829035
MI0022733,hsa-mir-6886,chr19,+,11113474,11113534
MI0025750,hsa-mir-7974,chr19,-,11495544,11495622
MI0033419,hsa-mir-10395,chr19,-,12703601,12703664
MI0019285,hsa-mir-5684,chr19,+,12787128,12787192
MI0022639,hsa-mir-6794,chr19,+,12852260,12852327
MI0019302,hsa-mir-5695,chr19,+,12920320,12920404
MI0022227,hsa-mir-6515,chr19,+,12940484,12940540
MI0000081,hsa-mir-24-2,chr19,-,13836287,13836359
MI0000085,hsa-mir-27a,chr19,-,13836440,13836517
MI0000079,hsa-mir-23a,chr19,-,13836587,13836659
MI0000271,hsa-mir-181c,chr19,+,13874699,13874808
MI0003139,hsa-mir-181d,chr19,+,13874875,13875011
MI0020340,hsa-mir-1199,chr19,+,14073361,14073479
MI0003654,hsa-mir-639,chr19,+,14529543,14529640
MI0022640,hsa-mir-6795,chr19,-,15179283,15179350
MI0007075,hsa-mir-1470,chr19,+,15449548,15449608
MI0014232,hsa-mir-3188,chr19,+,18282077,18282161
MI0014233,hsa-mir-3189,chr19,+,18386562,18386634
MI0003655,hsa-mir-640,chr19,+,19435063,19435158
MI0006407,hsa-mir-1270,chr19,-,20399272,20399354
MI0022734,hsa-mir-6887,chr19,+,35122700,35122764
MI0018175,hsa-mir-5196,chr19,+,35345513,35345627
MI0016897,hsa-mir-4530,chr19,-,39409623,39409678
MI0022554,hsa-mir-6719,chr19,-,39829716,39829802
MI0003656,hsa-mir-641,chr19,-,40282543,40282641
MI0022641,hsa-mir-6796,chr19,+,40369846,40369907
MI0022642,hsa-mir-6797,chr19,+,41869627,41869698
MI0015853,hsa-mir-4323,chr19,-,42133445,42133513
MI0025913,hsa-mir-8077,chr19,+,42351131,42351205
MI0016898,hsa-mir-4531,chr19,-,44653686,44653732
MI0025921,hsa-mir-8085,chr19,+,44758657,44758721
MI0020365,hsa-mir-6088,chr19,+,45436654,45436704
MI0000803,hsa-mir-330,chr19,-,45638994,45639087
MI0003657,hsa-mir-642a,chr19,+,45674928,45675024
MI0016685,hsa-mir-642b,chr19,-,45674932,45675008
MI0003834,hsa-mir-769,chr19,+,46018932,46019049
MI0014234,hsa-mir-320e,chr19,-,46709282,46709354
MI0014235,hsa-mir-3190,chr19,+,47226942,47227021
MI0014236,hsa-mir-3191,chr19,-,47226944,47227019
MI0022643,hsa-mir-6798,chr19,+,49009906,49009972
MI0015854,hsa-mir-4324,chr19,-,49308797,49308868
MI0000479,hsa-mir-150,chr19,-,49500785,49500868
MI0017977,hsa-mir-5088,chr19,+,49682117,49682195
MI0022644,hsa-mir-6799,chr19,+,49791866,49791934
MI0022645,hsa-mir-6800,chr19,+,49832018,49832099
MI0017388,hsa-mir-4749,chr19,+,49854591,49854651
MI0017389,hsa-mir-4750,chr19,+,49888175,49888230
MI0017390,hsa-mir-4751,chr19,+,49933064,49933137
MI0025910,hsa-mir-8074,chr19,-,51206929,51207009
MI0000746,hsa-mir-99b,chr19,+,51692612,51692681
MI0000066,hsa-let-7e,chr19,+,51692786,51692864
MI0000469,hsa-mir-125a,chr19,+,51693254,51693339
MI0022646,hsa-mir-6801,chr19,+,52222020,52222098
MI0003658,hsa-mir-643,chr19,+,52281797,52281893
MI0003140,hsa-mir-512-1,chr19,+,53666679,53666762
MI0003141,hsa-mir-512-2,chr19,+,53669157,53669254
MI0003786,hsa-mir-1323,chr19,+,53671968,53672040
MI0003142,hsa-mir-498,chr19,+,53674197,53674320
MI0003143,hsa-mir-520e,chr19,+,53675711,53675797
MI0003144,hsa-mir-515-1,chr19,+,53679003,53679085
MI0003145,hsa-mir-519e,chr19,+,53679940,53680023
MI0003146,hsa-mir-520f,chr19,+,53682159,53682245
MI0003147,hsa-mir-515-2,chr19,+,53685009,53685091
MI0003148,hsa-mir-519c,chr19,+,53686469,53686555
MI0003832,hsa-mir-1283-1,chr19,+,53688481,53688567
MI0003149,hsa-mir-520a,chr19,+,53690881,53690965
MI0003150,hsa-mir-526b,chr19,+,53694393,53694475
MI0003151,hsa-mir-519b,chr19,+,53695213,53695293
MI0003152,hsa-mir-525,chr19,+,53697533,53697617
MI0003153,hsa-mir-523,chr19,+,53698385,53698471
MI0003154,hsa-mir-518f,chr19,+,53700015,53700101
MI0003155,hsa-mir-520b,chr19,+,53701227,53701287
MI0003156,hsa-mir-518b,chr19,+,53702737,53702819
MI0003157,hsa-mir-526a-1,chr19,+,53706252,53706336
MI0003158,hsa-mir-520c,chr19,+,53707453,53707539
MI0003159,hsa-mir-518c,chr19,+,53708735,53708835
MI0003160,hsa-mir-524,chr19,+,53711002,53711088
MI0003161,hsa-mir-517a,chr19,+,53712268,53712354
MI0003162,hsa-mir-519d,chr19,+,53713347,53713434
MI0003163,hsa-mir-521-2,chr19,+,53716594,53716680
MI0003164,hsa-mir-520d,chr19,+,53720096,53720182
MI0003165,hsa-mir-517b,chr19,+,53721076,53721142
MI0003166,hsa-mir-520g,chr19,+,53722166,53722255
MI0003167,hsa-mir-516b-2,chr19,+,53725442,53725526
MI0003168,hsa-mir-526a-2,chr19,+,53726922,53726986
MI0003169,hsa-mir-518e,chr19,+,53729838,53729925
MI0003170,hsa-mir-518a-1,chr19,+,53731006,53731090
MI0003171,hsa-mir-518d,chr19,+,53734877,53734963
MI0003172,hsa-mir-516b-1,chr19,+,53736845,53736934
MI0003173,hsa-mir-518a-2,chr19,+,53739333,53739419
MI0003174,hsa-mir-517c,chr19,+,53741313,53741407
MI0003175,hsa-mir-520h,chr19,+,53742512,53742599
MI0003176,hsa-mir-521-1,chr19,+,53748636,53748722
MI0003177,hsa-mir-522,chr19,+,53751211,53751297
MI0003178,hsa-mir-519a-1,chr19,+,53752397,53752481
MI0003179,hsa-mir-527,chr19,+,53754018,53754102
MI0003180,hsa-mir-516a-1,chr19,+,53756741,53756830
MI0006430,hsa-mir-1283-2,chr19,+,53758232,53758318
MI0003181,hsa-mir-516a-2,chr19,+,53761133,53761222
MI0003182,hsa-mir-519a-2,chr19,+,53762344,53762430
MI0000779,hsa-mir-371a,chr19,+,53787675,53787741
MI0017393,hsa-mir-371b,chr19,-,53787677,53787742
MI0000780,hsa-mir-372,chr19,+,53787890,53787956
MI0000781,hsa-mir-373,chr19,+,53788705,53788773
MI0005757,hsa-mir-935,chr19,+,53982307,53982397
MI0017391,hsa-mir-4752,chr19,+,54282109,54282180
MI0025897,hsa-mir-8061,chr19,+,54645309,54645383
MI0025751,hsa-mir-7975,chr19,-,55123225,55123292
MI0022649,hsa-mir-6804,chr19,-,55230885,55230952
MI0022647,hsa-mir-6802,chr19,-,55239912,55239976
MI0022648,hsa-mir-6803,chr19,-,55245186,55245250
MI0022650,hsa-mir-6805,chr19,+,55388181,55388242
MI0022651,hsa-mir-6806,chr19,+,58334688,58334751
MI0017394,hsa-mir-4754,chr19,-,58386770,58386858
MI0033418,hsa-mir-10394,chr19,+,58393364,58393446
MI0022652,hsa-mir-6807,chr19,+,58550285,58550376
MI0023618,hsa-mir-7158,chr2,+,5974662,5974732
MI0024354,hsa-mir-7515,chr2,+,6650373,6650439
MI0015868,hsa-mir-4261,chr2,-,10192614,10192671
MI0016768,hsa-mir-4429,chr2,-,11540605,11540677
MI0014141,hsa-mir-548s,chr2,+,11767444,11767525
MI0015872,hsa-mir-4262,chr2,-,11836933,11836986
MI0016082,hsa-mir-3681,chr2,+,12199130,12199201
MI0014142,hsa-mir-3125,chr2,+,12737367,12737444
MI0017398,hsa-mir-4757,chr2,+,19348429,19348505
MI0003815,hsa-mir-1301,chr2,-,25328640,25328721
MI0015876,hsa-mir-4263,chr2,+,27996367,27996449
MI0003564,hsa-mir-558,chr2,+,32532153,32532246
MI0017406,hsa-mir-4765,chr2,+,32635255,32635331
MI0016769,hsa-mir-4430,chr2,+,33418516,33418564
MI0016770,hsa-mir-548ad,chr2,+,35471405,35471486
MI0003565,hsa-mir-559,chr2,+,47377675,47377770
MI0025747,hsa-mir-548ba,chr2,+,49059603,49059658
MI0027288,hsa-mir-8485,chr2,-,50696172,50696262
MI0016771,hsa-mir-4431,chr2,-,52702522,52702615
MI0016083,hsa-mir-3682,chr2,-,53849122,53849205
MI0000293,hsa-mir-217,chr2,-,55982967,55983076
MI0000292,hsa-mir-216a,chr2,-,55988950,55989059
MI0005569,hsa-mir-216b,chr2,-,56000714,56000795
MI0016772,hsa-mir-4432,chr2,-,60387362,60387445
MI0018171,hsa-mir-5192,chr2,+,62205826,62205917
MI0025511,hsa-mir-4433b,chr2,-,64340747,64340848
MI0016773,hsa-mir-4433a,chr2,+,64340759,64340839
MI0016774,hsa-mir-4434,chr2,+,64525513,64525565
MI0017422,hsa-mir-4778,chr2,-,66358249,66358328
MI0014143,hsa-mir-3126,chr2,+,69103682,69103755
MI0006347,hsa-mir-1285-2,chr2,-,70252918,70253005
MI0017866,hsa-mir-5000,chr2,+,75090812,75090914
MI0015877,hsa-mir-4264,chr2,-,79649294,79649359
MI0025916,hsa-mir-8080,chr2,-,79866495,79866583
MI0020348,hsa-mir-6071,chr2,-,85783600,85783677
MI0017423,hsa-mir-4779,chr2,-,86193026,86193108
MI0017412,hsa-mir-4771-1,chr2,+,87194786,87194859
MI0016775,hsa-mir-4435-1,chr2,+,87629755,87629834
MI0017424,hsa-mir-4780,chr2,-,88082519,88082599
MI0016776,hsa-mir-4436a,chr2,+,88812370,88812454
MI0014144,hsa-mir-3127,chr2,+,96798278,96798353
MI0019303,hsa-mir-5696,chr2,+,101309450,101309534
MI0017414,hsa-mir-4772,chr2,+,102432289,102432366
MI0015869,hsa-mir-4265,chr2,-,109141490,109141588
MI0015870,hsa-mir-4266,chr2,-,109313571,109313625
MI0015871,hsa-mir-4267,chr2,-,110069961,110070042
MI0017425,hsa-mir-4436b-1,chr2,-,110086433,110086523
MI0019110,hsa-mir-4436b-2,chr2,+,110284853,110284943
MI0016777,hsa-mir-4435-2,chr2,-,111321013,111321086
MI0017413,hsa-mir-4771-2,chr2,-,111771061,111771134
MI0006364,hsa-mir-1302-3,chr2,-,113582959,113583096
MI0017427,hsa-mir-4782,chr2,-,113721290,113721368
MI0017428,hsa-mir-4783,chr2,-,127423537,127423618
MI0017429,hsa-mir-4784,chr2,-,131491160,131491236
MI0006336,hsa-mir-663b,chr2,-,132256966,132257080
MI0032316,hsa-mir-9986,chr2,+,132433711,132433820
MI0016080,hsa-mir-3679,chr2,+,134127125,134127192
MI0019150,hsa-mir-5590,chr2,+,134857820,134857873
MI0000447,hsa-mir-128-1,chr2,+,135665397,135665478
MI0023617,hsa-mir-7157,chr2,-,140586626,140586685
MI0031827,hsa-mir-9899,chr2,-,149330278,149330373
MI0017415,hsa-mir-4773-1,chr2,+,151368334,151368411
MI0017416,hsa-mir-4773-2,chr2,-,151368334,151368411
MI0022735,hsa-mir-6888,chr2,+,159186835,159186901
MI0017430,hsa-mir-4785,chr2,-,160407810,160407882
MI0017417,hsa-mir-4774,chr2,+,168582943,168583018
MI0005755,hsa-mir-933,chr2,-,175167633,175167709
MI0000267,hsa-mir-10b,chr2,+,176150303,176150412
MI0025240,hsa-mir-7704,chr2,+,176188843,176188901
MI0006381,hsa-mir-1246,chr2,-,176600980,176601052
MI0016787,hsa-mir-4444-1,chr2,+,177212726,177212799
MI0014145,hsa-mir-3128,chr2,-,177255945,177256010
MI0022224,hsa-mir-6512,chr2,-,177313806,177313882
MI0006392,hsa-mir-1258,chr2,-,179860836,179860908
MI0016778,hsa-mir-4437,chr2,-,181305593,181305652
MI0016779,hsa-mir-548ae-1,chr2,+,184378975,184379044
MI0003567,hsa-mir-561,chr2,+,188297492,188297588
MI0006380,hsa-mir-1245a,chr2,+,188978092,188978161
MI0017431,hsa-mir-1245b,chr2,-,188978093,188978161
MI0015996,hsa-mir-3606,chr2,+,188995630,188995692
MI0014146,hsa-mir-3129,chr2,-,189133036,189133111
MI0014147,hsa-mir-3130-1,chr2,-,206783234,206783308
MI0014148,hsa-mir-3130-2,chr2,+,206783234,206783308
MI0015873,hsa-mir-2355,chr2,-,207109987,207110073
MI0025515,hsa-mir-7845,chr2,+,207166400,207166498
MI0006365,hsa-mir-1302-4,chr2,-,207269275,207269424
MI0017418,hsa-mir-4775,chr2,+,207754807,207754881
MI0006375,hsa-mir-548f-2,chr2,-,212426263,212426360
MI0017420,hsa-mir-4776-2,chr2,-,212926257,212926336
MI0017419,hsa-mir-4776-1,chr2,+,212926257,212926336
MI0016781,hsa-mir-4438,chr2,+,213758067,213758159
MI0022654,hsa-mir-6809,chr2,-,217900513,217900628
MI0022225,hsa-mir-6513,chr2,-,218280125,218280188
MI0022655,hsa-mir-6810,chr2,+,218341911,218341980
MI0000084,hsa-mir-26b,chr2,+,218402646,218402722
MI0029185,hsa-mir-9500,chr2,+,218823090,218823154
MI0000783,hsa-mir-375,chr2,-,219001645,219001708
MI0014151,hsa-mir-3131,chr2,-,219058688,219058750
MI0000463,hsa-mir-153-1,chr2,-,219294111,219294200
MI0014152,hsa-mir-3132,chr2,-,219549073,219549147
MI0015874,hsa-mir-4268,chr2,-,219906502,219906565
MI0016782,hsa-mir-4439,chr2,-,225010461,225010540
MI0019309,hsa-mir-5702,chr2,-,226658710,226658793
MI0019310,hsa-mir-5703,chr2,+,227472132,227472187
MI0017421,hsa-mir-4777,chr2,+,231362708,231362793
MI0006379,hsa-mir-1244-1,chr2,+,231713314,231713398
MI0007076,hsa-mir-1471,chr2,-,231892242,231892298
MI0003568,hsa-mir-562,chr2,+,232172653,232172747
MI0017867,hsa-mir-5001,chr2,-,232550474,232550573
MI0022656,hsa-mir-6811,chr2,+,237510931,237510988
MI0016783,hsa-mir-4440,chr2,-,239068817,239068914
MI0016784,hsa-mir-4441,chr2,-,239085827,239085926
MI0015875,hsa-mir-4269,chr2,+,239305462,239305545
MI0017432,hsa-mir-2467,chr2,-,239351724,239351804
MI0017433,hsa-mir-4786,chr2,-,239943015,239943094
MI0000478,hsa-mir-149,chr2,+,240456001,240456089
MI0014153,hsa-mir-3133,chr2,+,241477905,241477982
MI0022716,hsa-mir-6869,chr20,-,1392900,1392961
MI0006433,hsa-mir-1292,chr20,+,2652777,2652842
MI0000108,hsa-mir-103a-2,chr20,+,3917494,3917571
MI0007262,hsa-mir-103b-2,chr20,-,3917502,3917563
MI0025898,hsa-mir-8062,chr20,+,7371608,7371692
MI0022717,hsa-mir-6870,chr20,-,10649636,10649695
MI0014237,hsa-mir-3192,chr20,+,18470615,18470691
MI0003672,hsa-mir-663a,chr20,-,26208186,26208278
MI0014238,hsa-mir-3193,chr20,+,31607186,31607240
MI0008193,hsa-mir-1825,chr20,+,32237795,32237847
MI0017395,hsa-mir-4755,chr20,+,34049119,34049190
MI0003659,hsa-mir-644a,chr20,+,34466325,34466418
MI0003183,hsa-mir-499a,chr20,+,34990376,34990497
MI0017396,hsa-mir-499b,chr20,-,34990400,34990472
MI0006350,hsa-mir-1289-1,chr20,-,35453954,35454097
MI0016746,hsa-mir-548o-2,chr20,+,38516563,38516632
MI0022718,hsa-mir-6871,chr20,+,41169023,41169078
MI0016046,hsa-mir-3646,chr20,+,44408120,44408203
MI0022657,hsa-mir-6812,chr20,+,45425510,45425573
MI0016007,hsa-mir-3617,chr20,-,45705102,45705180
MI0016006,hsa-mir-3616,chr20,+,47166967,47167058
MI0039724,hsa-mir-12122,chr20,+,49863859,49863953
MI0003660,hsa-mir-645,chr20,+,50585786,50585879
MI0006366,hsa-mir-1302-5,chr20,-,50614636,50614785
MI0014239,hsa-mir-3194,chr20,-,51452905,51452977
MI0017397,hsa-mir-4756,chr20,-,54068408,54068485
MI0015865,hsa-mir-4325,chr20,-,57321502,57321591
MI0000747,hsa-mir-296,chr20,-,58817615,58817694
MI0005523,hsa-mir-298,chr20,-,58818226,58818313
MI0003661,hsa-mir-646,chr20,+,60308474,60308567
MI0016900,hsa-mir-4533,chr20,+,60478111,60478181
MI0016794,hsa-mir-548ag-2,chr20,+,60564562,60564625
MI0006391,hsa-mir-1257,chr20,-,61953546,61953662
MI0014240,hsa-mir-3195,chr20,+,62064802,62064885
MI0017399,hsa-mir-4758,chr20,-,62332487,62332557
MI0000651,hsa-mir-1-1,chr20,+,62554306,62554376
MI0000451,hsa-mir-133a-2,chr20,+,62564912,62565013
MI0000445,hsa-mir-124-3,chr20,+,63178500,63178586
MI0014241,hsa-mir-3196,chr20,+,63238779,63238842
MI0015866,hsa-mir-4326,chr20,+,63286808,63286866
MI0005763,hsa-mir-941-1,chr20,+,63919449,63919520
MI0005764,hsa-mir-941-2,chr20,+,63919505,63919576
MI0005765,hsa-mir-941-3,chr20,+,63919561,63919632
MI0005766,hsa-mir-941-4,chr20,+,63919756,63919827
MI0031520,hsa-mir-941-5,chr20,+,63919868,63919939
MI0008335,hsa-mir-1914,chr20,-,63941465,63941544
MI0003662,hsa-mir-647,chr20,-,63942631,63942726
MI0022658,hsa-mir-6813,chr20,-,64076955,64077010
MI0025905,hsa-mir-8069-1,chr21,+,6859171,6859256
MI0022559,hsa-mir-6724-1,chr21,+,8205315,8205406
MI0033425,hsa-mir-10401,chr21,+,8206563,8206618
MI0016048,hsa-mir-3648-1,chr21,+,8208473,8208652
MI0031516,hsa-mir-6724-2,chr21,+,8249505,8249596
MI0033425_2,hsa-mir-10401,chr21,+,8250772,8250827
MI0031517,hsa-mir-6724-3,chr21,+,8388362,8388453
MI0033425_3,hsa-mir-10401,chr21,+,8389610,8389665
MI0031518,hsa-mir-6724-4,chr21,+,8432530,8432621
MI0033425_4,hsa-mir-10401,chr21,+,8433797,8433852
MI0033426,hsa-mir-10396b,chr21,+,8436324,8436374
MI0031512,hsa-mir-3648-2,chr21,+,8986999,8987178
MI0033420,hsa-mir-10396a,chr21,+,8987617,8987665
MI0014242,hsa-mir-3156-3,chr21,-,13406384,13406460
MI0014131,hsa-mir-3118-1,chr21,-,13644775,13644850
MI0031519,hsa-mir-8069-2,chr21,+,13724189,13724274
MI0000101,hsa-mir-99a,chr21,+,16539089,16539169
MI0000064,hsa-let-7c,chr21,+,16539828,16539911
MI0000470,hsa-mir-125b-2,chr21,+,16590237,16590325
MI0014244,hsa-mir-548x,chr21,-,18686090,18686164
MI0021275,hsa-mir-6130,chr21,+,23079284,23079392
MI0000681,hsa-mir-155,chr21,+,25573980,25574044
MI0017400,hsa-mir-4759,chr21,+,26953961,26954043
MI0015867,hsa-mir-4327,chr21,-,30375294,30375378
MI0022213,hsa-mir-6501,chr21,+,33550662,33550728
MI0003906,hsa-mir-802,chr21,+,35720715,35720808
MI0022220,hsa-mir-6508,chr21,+,39447010,39447069
MI0017401,hsa-mir-4760,chr21,-,40212352,40212431
MI0014245,hsa-mir-3197,chr21,+,41167557,41167629
MI0022659,hsa-mir-6814,chr21,-,41746772,41746841
MI0019311,hsa-mir-5692b,chr21,-,42950928,42951014
MI0020347,hsa-mir-6070,chr21,-,43609887,43609989
MI0022660,hsa-mir-6815,chr21,+,45478266,45478326
MI0014246,hsa-mir-3198-1,chr22,-,17764180,17764259
MI0003663,hsa-mir-648,chr22,-,17980868,17980961
MI0017402,hsa-mir-4761,chr22,+,19963753,19963834
MI0000482,hsa-mir-185,chr22,+,20033139,20033220
MI0016008,hsa-mir-3618,chr22,+,20085746,20085833
MI0006443,hsa-mir-1306,chr22,+,20086058,20086142
MI0022661,hsa-mir-6816,chr22,-,20114686,20114751
MI0006348,hsa-mir-1286,chr22,-,20249134,20249211
MI0003664,hsa-mir-649,chr22,-,21034176,21034272
MI0005568,hsa-mir-301b,chr22,+,21652981,21653058
MI0000748,hsa-mir-130b,chr22,+,21653304,21653385
MI0003665,hsa-mir-650,chr22,+,22822776,22822871
MI0019115,hsa-mir-5571,chr22,+,22886267,22886379
MI0022662,hsa-mir-6817,chr22,+,25455646,25455711
MI0006345,hsa-mir-548j,chr22,-,26555212,26555323
MI0014247,hsa-mir-3199-1,chr22,-,27920525,27920612
MI0014248,hsa-mir-3199-2,chr22,+,27920526,27920611
MI0019412,hsa-mir-5739,chr22,+,28459869,28459948
MI0022663,hsa-mir-6818,chr22,+,30007049,30007113
MI0014249,hsa-mir-3200,chr22,+,30731557,30731641
MI0016438,hsa-mir-3928,chr22,-,31160062,31160119
MI0022960,hsa-mir-7109,chr22,-,31621467,31621531
MI0017405,hsa-mir-4764,chr22,-,33436582,33436669
MI0016413,hsa-mir-3909,chr22,+,35335640,35335758
MI0020346,hsa-mir-6069,chr22,-,35336721,35336799
MI0022664,hsa-mir-6819,chr22,-,36286847,36286907
MI0003682,hsa-mir-658,chr22,-,37844272,37844371
MI0003683,hsa-mir-659,chr22,-,37847678,37847774
MI0022665,hsa-mir-6820,chr22,+,37967563,37967624
MI0016901,hsa-mir-4534,chr22,+,37988794,37988853
MI0017407,hsa-mir-4766,chr22,-,40813883,40813958
MI0006428,hsa-mir-1281,chr22,+,41092513,41092566
MI0022736,hsa-mir-6889,chr22,-,41252992,41253050
MI0000091,hsa-mir-33a,chr22,+,41900944,41901012
MI0016902,hsa-mir-378i,chr22,-,41923222,41923297
MI0006384,hsa-mir-1249,chr22,-,45200954,45201019
MI0017403,hsa-mir-4762,chr22,+,45760524,45760598
MI0016009,hsa-mir-3619,chr22,+,46091044,46091126
MI0000062,hsa-let-7a-3,chr22,+,46112749,46112822
MI0017404,hsa-mir-4763,chr22,+,46113566,46113657
MI0000063,hsa-let-7b,chr22,+,46113686,46113768
MI0014250,hsa-mir-3201,chr22,+,48274364,48274415
MI0016903,hsa-mir-4535,chr22,+,48780295,48780353
MI0016068,hsa-mir-3667,chr22,-,49543393,49543466
MI0022666,hsa-mir-6821,chr22,+,49962866,49962939
MI0039716,hsa-mir-12114,chr22,+,50407442,50407524
MI0017437,hsa-mir-4790,chr3,-,5250177,5250255
MI0039729,hsa-mir-12127,chr3,+,10280351,10280452
MI0014154,hsa-mir-378b,chr3,+,10330229,10330285
MI0005560,hsa-mir-885,chr3,-,10394489,10394562
MI0015878,hsa-mir-4270,chr3,-,15496239,15496308
MI0014155,hsa-mir-3134,chr3,-,15697298,15697371
MI0003569,hsa-mir-563,chr3,+,15873771,15873849
MI0016135,hsa-mir-3714,chr3,+,16933196,16933260
MI0017438,hsa-mir-4791,chr3,-,19314848,19314931
MI0014156,hsa-mir-3135a,chr3,+,20137565,20137641
MI0016785,hsa-mir-4442,chr3,-,25664873,25664939
MI0014157,hsa-mir-466,chr3,-,31161704,31161787
MI0022210,hsa-mir-548ay,chr3,-,32506283,32506389
MI0000727,hsa-mir-128-2,chr3,+,35744476,35744559
MI0000083,hsa-mir-26a-1,chr3,+,37969404,37969480
MI0022667,hsa-mir-6822,chr3,+,39138206,39138266
MI0000476,hsa-mir-138-1,chr3,+,44114212,44114310
MI0003570,hsa-mir-564,chr3,+,44861888,44861981
MI0006313,hsa-mir-1226,chr3,+,47849555,47849629
MI0016786,hsa-mir-4443,chr3,+,48196564,48196616
MI0010634,hsa-mir-2115,chr3,-,48316360,48316459
MI0022668,hsa-mir-6823,chr3,-,48549961,48550021
MI0012488,hsa-mir-711,chr3,-,48578902,48578977
MI0022669,hsa-mir-6824,chr3,-,48633636,48633698
MI0017440,hsa-mir-4793,chr3,-,48644194,48644280
MI0001448,hsa-mir-425,chr3,-,49020148,49020234
MI0000465,hsa-mir-191,chr3,-,49020618,49020709
MI0022737,hsa-mir-6890,chr3,-,49099854,49099914
MI0015879,hsa-mir-4271,chr3,+,49274120,49274186
MI0018172,hsa-mir-5193,chr3,-,49806137,49806245
MI0019797,hsa-mir-5787,chr3,+,50227436,50227490
MI0022719,hsa-mir-6872,chr3,+,50273236,50273297
MI0017434,hsa-mir-4787,chr3,+,50675080,50675163
MI0000433,hsa-let-7g,chr3,-,52268278,52268361
MI0000452,hsa-mir-135a-1,chr3,-,52294219,52294308
MI0025900,hsa-mir-8064,chr3,-,52846463,52846552
MI0016594,hsa-mir-3938,chr3,-,55852492,55852594
MI0029321,hsa-mir-548bb,chr3,-,60617805,60617870
MI0015880,hsa-mir-4272,chr3,+,67225464,67225527
MI0014158,hsa-mir-3136,chr3,-,69048958,69049035
MI0006431,hsa-mir-1284,chr3,-,71541970,71542089
MI0019111,hsa-mir-4444-2,chr3,+,75214476,75214549
MI0006657,hsa-mir-1324,chr3,+,75630763,75630858
MI0015881,hsa-mir-4273,chr3,+,75738280,75738363
MI0016430,hsa-mir-3923,chr3,+,79507887,79507969
MI0019292,hsa-mir-5688,chr3,+,85385710,85385792
MI0017442,hsa-mir-4795,chr3,-,87226189,87226277
MI0025896,hsa-mir-8060,chr3,+,96359964,96360039
MI0016428,hsa-mir-3921,chr3,-,99964314,99964398
MI0016752,hsa-mir-548ab,chr3,-,103524033,103524116
MI0016788,hsa-mir-4445,chr3,+,109602828,109602897
MI0003573,hsa-mir-567,chr3,+,112112801,112112898
MI0031828,hsa-mir-9900,chr3,+,112737089,112737181
MI0025912,hsa-mir-8076,chr3,-,113432118,113432200
MI0016789,hsa-mir-4446,chr3,+,113594876,113594942
MI0003574,hsa-mir-568,chr3,-,114316475,114316569
MI0017443,hsa-mir-4796,chr3,-,114743445,114743525
MI0016790,hsa-mir-4447,chr3,-,116850277,116850367
MI0039501,hsa-mir-6529,chr3,-,120084564,120084648
MI0000240,hsa-mir-198,chr3,-,120395668,120395729
MI0019282,hsa-mir-5682,chr3,+,121049640,121049715
MI0022961,hsa-mir-7110,chr3,+,123161794,123161879
MI0017868,hsa-mir-5002,chr3,+,124132929,124133025
MI0020360,hsa-mir-6083,chr3,+,124374332,124374437
MI0014159,hsa-mir-544b,chr3,+,124732439,124732516
MI0017981,hsa-mir-5092,chr3,-,125151465,125151552
MI0006421,hsa-mir-548i-1,chr3,-,125790404,125790552
MI0022670,hsa-mir-6825,chr3,-,127575266,127575331
MI0025752,hsa-mir-7976,chr3,-,127587111,127587176
MI0039726,hsa-mir-12124,chr3,+,128846808,128846908
MI0022671,hsa-mir-6826,chr3,+,129272146,129272243
MI0019312,hsa-mir-5704,chr3,-,131985855,131985931
MI0022672,hsa-mir-6827,chr3,-,134367804,134367862
MI0017435,hsa-mir-4788,chr3,+,134437827,134437906
MI0018165,hsa-mir-5186,chr3,-,151565876,151565995
MI0016425,hsa-mir-3919,chr3,+,159282646,159282734
MI0000438,hsa-mir-15b,chr3,+,160404588,160404685
MI0000115,hsa-mir-16-2,chr3,+,160404745,160404825
MI0006398,hsa-mir-1263,chr3,-,164171471,164171556
MI0003575,hsa-mir-551b,chr3,+,168551854,168551949
MI0022673,hsa-mir-6828,chr3,+,170423103,170423162
MI0003576,hsa-mir-569,chr3,-,171106664,171106759
MI0017436,hsa-mir-4789,chr3,+,175369540,175369621
MI0025753,hsa-mir-7977,chr3,+,176515103,176515151
MI0016791,hsa-mir-4448,chr3,+,183886800,183886885
MI0003764,hsa-mir-1224,chr3,+,184241405,184241489
MI0019147,hsa-mir-5588,chr3,-,185253210,185253272
MI0019130,hsa-mir-548aq,chr3,-,185767847,185767904
MI0006383,hsa-mir-1248,chr3,+,186786672,186786777
MI0000086,hsa-mir-28,chr3,+,188688781,188688866
MI0005769,hsa-mir-944,chr3,+,189829922,189830009
MI0014160,hsa-mir-3137,chr3,-,195134506,195134580
MI0003577,hsa-mir-570,chr3,+,195699401,195699497
MI0022674,hsa-mir-6829,chr3,-,195882329,195882395
MI0017444,hsa-mir-4797,chr3,-,197293878,197293948
MI0005714,hsa-mir-922,chr3,-,197674496,197674576
MI0003578,hsa-mir-571,chr4,+,350157,350252
MI0005768,hsa-mir-943,chr4,-,1986384,1986477
MI0017448,hsa-mir-4800,chr4,-,2250077,2250156
MI0016749,hsa-mir-378d-1,chr4,-,5923275,5923328
MI0017445,hsa-mir-4798,chr4,+,7310450,7310524
MI0015884,hsa-mir-4274,chr4,+,7460028,7460118
MI0000097,hsa-mir-95,chr4,-,8005301,8005381
MI0006422,hsa-mir-548i-2,chr4,-,9556168,9556316
MI0014161,hsa-mir-3138,chr4,-,10078611,10078692
MI0003579,hsa-mir-572,chr4,+,11368827,11368921
MI0039715,hsa-mir-12113,chr4,+,11783178,11783248
MI0017980,hsa-mir-5091,chr4,+,13627865,13627957
MI0000294,hsa-mir-218-1,chr4,+,20528275,20528384
MI0025754,hsa-mir-7978,chr4,-,21464700,21464758
MI0039717,hsa-mir-12115,chr4,+,22515312,22515385
MI0003580,hsa-mir-573,chr4,-,24520192,24520290
MI0015883,hsa-mir-4275,chr4,+,28819582,28819668
MI0006435,hsa-mir-1255b-1,chr4,-,36426366,36426428
MI0017449,hsa-mir-4801,chr4,-,37241910,37241991
MI0003581,hsa-mir-574,chr4,+,38868032,38868127
MI0019151,hsa-mir-5591,chr4,+,39411910,39411974
MI0017450,hsa-mir-4802,chr4,-,40502040,40502119
MI0025889,hsa-mir-8053,chr4,+,47652669,47652743
MI0016792,hsa-mir-4449,chr4,+,52712682,52712747
MI0016793,hsa-mir-548ag-1,chr4,+,60922619,60922684
MI0006406,hsa-mir-1269a,chr4,+,66276824,66276928
MI0016795,hsa-mir-4450,chr4,+,76573568,76573632
MI0016796,hsa-mir-548ah,chr4,+,76575551,76575626
MI0003582,hsa-mir-575,chr4,-,82753337,82753430
MI0016797,hsa-mir-4451,chr4,+,85722468,85722533
MI0016798,hsa-mir-4452,chr4,-,86542482,86542552
MI0019313,hsa-mir-5705,chr4,-,87300495,87300583
MI0016085,hsa-mir-3684,chr4,+,98997387,98997460
MI0025902,hsa-mir-8066,chr4,-,101240795,101240872
MI0006389,hsa-mir-1255a,chr4,-,101330302,101330414
MI0003583,hsa-mir-576,chr4,+,109488698,109488795
MI0005775,hsa-mir-297,chr4,-,110860582,110860647
MI0000775,hsa-mir-367,chr4,-,112647874,112647941
MI0000774,hsa-mir-302d,chr4,-,112648004,112648071
MI0000738,hsa-mir-302a,chr4,-,112648183,112648251
MI0000773,hsa-mir-302c,chr4,-,112648363,112648430
MI0000772,hsa-mir-302b,chr4,-,112648485,112648557
MI0006373,hsa-mir-1243,chr4,+,113106863,113106955
MI0025918,hsa-mir-8082,chr4,+,113152282,113152362
MI0003584,hsa-mir-577,chr4,+,114656759,114656854
MI0010488,hsa-mir-2054,chr4,+,125507259,125507307
MI0014162,hsa-mir-3139,chr4,+,143343460,143343535
MI0025519,hsa-mir-7849,chr4,+,146408583,146408688
MI0006395,hsa-mir-548g,chr4,-,147344629,147344717
MI0017446,hsa-mir-4799,chr4,+,147782595,147782668
MI0014163,hsa-mir-3140,chr4,-,152489327,152489416
MI0016799,hsa-mir-4453,chr4,+,152536428,152536516
MI0016089,hsa-mir-3688-1,chr4,-,159128802,159128894
MI0017447,hsa-mir-3688-2,chr4,+,159128805,159128891
MI0016800,hsa-mir-4454,chr4,-,163093574,163093628
MI0003585,hsa-mir-578,chr4,+,165386242,165386337
MI0020359,hsa-mir-6082,chr4,+,171186184,171186292
MI0014164,hsa-mir-548t,chr4,+,173268160,173268233
MI0015882,hsa-mir-4276,chr4,+,174423795,174423864
MI0006372,hsa-mir-1305,chr4,+,182169293,182169378
MI0016602,hsa-mir-3945,chr4,-,184851013,184851110
MI0016801,hsa-mir-4455,chr4,-,184938383,184938440
MI0017262,hsa-mir-4635,chr5,-,1062896,1062974
MI0016803,hsa-mir-4457,chr5,-,1309310,1309377
MI0020352,hsa-mir-6075,chr5,-,1510762,1510856
MI0015886,hsa-mir-4277,chr5,-,1708785,1708868
MI0015888,hsa-mir-4278,chr5,-,6827853,6827921
MI0016804,hsa-mir-4458,chr5,+,8460925,8460999
MI0017263,hsa-mir-4636,chr5,-,9053816,9053895
MI0033421,hsa-mir-10397,chr5,+,10402364,10402431
MI0021276,hsa-mir-6131,chr5,+,10478037,10478145
MI0017264,hsa-mir-4637,chr5,-,14825929,14826012
MI0005562,hsa-mir-887,chr5,+,15935182,15935260
MI0033668,hsa-mir-10522,chr5,-,17155930,17155992
MI0015887,hsa-mir-4279,chr5,-,31936102,31936159
MI0003586,hsa-mir-579,chr5,-,32394378,32394475
MI0003587,hsa-mir-580,chr5,-,36147892,36147988
MI0016050,hsa-mir-3650,chr5,-,38557502,38557561
MI0003588,hsa-mir-581,chr5,-,53951504,53951599
MI0001648,hsa-mir-449a,chr5,-,55170532,55170622
MI0003673,hsa-mir-449b,chr5,-,55170646,55170742
MI0003823,hsa-mir-449c,chr5,-,55172262,55172353
MI0019291,hsa-mir-5687,chr5,-,55508850,55508926
MI0016780,hsa-mir-548ae-2,chr5,-,58530043,58530109
MI0003589,hsa-mir-582,chr5,-,59703606,59703703
MI0017451,hsa-mir-4803,chr5,+,72169467,72169540
MI0017452,hsa-mir-4804,chr5,+,72878591,72878663
MI0016995,hsa-mir-3977,chr5,+,82840155,82840224
MI0015889,hsa-mir-4280,chr5,-,87114879,87114954
MI0000467,hsa-mir-9-2,chr5,-,88666853,88666939
MI0016061,hsa-mir-3660,chr5,-,90016621,90016720
MI0011284,hsa-mir-2277,chr5,-,93620696,93620788
MI0003590,hsa-mir-583,chr5,+,96079138,96079212
MI0006420,hsa-mir-548p,chr5,-,100816482,100816565
MI0006376,hsa-mir-548f-3,chr5,-,110513829,110513915
MI0039732,hsa-mir-12130,chr5,+,116255743,116255834
MI0015974,hsa-mir-1244-2,chr5,+,118974586,118974670
MI0019314,hsa-mir-5706,chr5,+,119154637,119154716
MI0017260,hsa-mir-4633,chr5,+,129097688,129097766
MI0016806,hsa-mir-4460,chr5,-,129397062,129397147
MI0022675,hsa-mir-6830,chr5,-,132217849,132217918
MI0016592,hsa-mir-3936,chr5,-,132365490,132365599
MI0006351,hsa-mir-1289-2,chr5,-,133427596,133427706
MI0016062,hsa-mir-3661,chr5,+,134225757,134225852
MI0019288,hsa-mir-5692c-1,chr5,-,135802985,135803075
MI0005532,hsa-mir-874,chr5,-,137647572,137647649
MI0022676,hsa-mir-6831,chr5,-,140563671,140563751
MI0016055,hsa-mir-3655,chr5,+,140647844,140647926
MI0018176,hsa-mir-5197,chr5,+,143679860,143679971
MI0003591,hsa-mir-584,chr5,-,149062313,149062409
MI0000459,hsa-mir-143,chr5,+,149428918,149429023
MI0000461,hsa-mir-145,chr5,+,149430646,149430733
MI0000786,hsa-mir-378a,chr5,+,149732825,149732890
MI0022209,hsa-mir-6499,chr5,-,151522087,151522148
MI0006356,hsa-mir-1294,chr5,+,154347106,154347247
MI0014165,hsa-mir-3141,chr5,-,154596012,154596072
MI0006370,hsa-mir-1303,chr5,+,154685776,154685861
MI0016808,hsa-mir-378h,chr5,+,154829458,154829540
MI0014166,hsa-mir-3142,chr5,+,160474402,160474483
MI0000477,hsa-mir-146a,chr5,+,160485352,160485450
MI0039727,hsa-mir-12125,chr5,+,168165845,168165929
MI0000109,hsa-mir-103a-1,chr5,-,168560896,168560973
MI0007261,hsa-mir-103b-1,chr5,+,168560904,168560965
MI0000295,hsa-mir-218-2,chr5,-,168768146,168768255
MI0003592,hsa-mir-585,chr5,-,169263601,169263694
MI0016750,hsa-mir-378e,chr5,+,170028488,170028566
MI0016416,hsa-mir-3912,chr5,-,171386656,171386760
MI0017869,hsa-mir-5003,chr5,+,172662165,172662263
MI0033669,hsa-mir-10523,chr5,+,172915083,172915158
MI0039720,hsa-mir-12118,chr5,+,173303730,173303817
MI0025892,hsa-mir-8056,chr5,+,173347455,173347536
MI0017261,hsa-mir-4634,chr5,+,174751734,174751787
MI0003814,hsa-mir-1271,chr5,+,176367946,176368031
MI0015885,hsa-mir-4281,chr5,-,176629439,176629500
MI0006319,hsa-mir-1229,chr5,-,179798278,179798346
MI0000802,hsa-mir-340,chr5,-,180015303,180015397
MI0025925,hsa-mir-8089,chr5,-,181043403,181043484
MI0017265,hsa-mir-4638,chr5,-,181222566,181222633
MI0022555,hsa-mir-6720,chr6,-,1390314,1390411
MI0017272,hsa-mir-4645,chr6,-,2854031,2854107
MI0016092,hsa-mir-3691,chr6,-,5148233,5148322
MI0025523,hsa-mir-7853,chr6,-,6169304,6169435
MI0019284,hsa-mir-5683,chr6,+,6169334,6169409
MI0019294,hsa-mir-5689,chr6,+,10439717,10439794
MI0017266,hsa-mir-4639,chr6,+,16141556,16141624
MI0003593,hsa-mir-548a-1,chr6,+,18571784,18571880
MI0014167,hsa-mir-3143,chr6,+,27147626,27147688
MI0005561,hsa-mir-877,chr6,+,30584332,30584417
MI0017267,hsa-mir-4640,chr6,+,30890883,30890972
MI0022738,hsa-mir-6891,chr6,-,31355224,31355316
MI0022677,hsa-mir-6832,chr6,+,31633787,31633858
MI0017273,hsa-mir-4646,chr6,-,31701029,31701091
MI0006326,hsa-mir-1236,chr6,-,31956839,31956940
MI0022556,hsa-mir-6721,chr6,-,32170030,32170116
MI0022678,hsa-mir-6833,chr6,+,32179816,32179876
MI0016809,hsa-mir-3135b,chr6,-,32749912,32749979
MI0000296,hsa-mir-219a-1,chr6,+,33207835,33207944
MI0022720,hsa-mir-6873,chr6,-,33287227,33287289
MI0022679,hsa-mir-6834,chr6,+,33290245,33290325
MI0017870,hsa-mir-5004,chr6,+,33438331,33438437
MI0016590,hsa-mir-3934,chr6,+,33698128,33698234
MI0023620,hsa-mir-7159,chr6,+,33899135,33899200
MI0006415,hsa-mir-1275,chr6,-,33999972,34000051
MI0022680,hsa-mir-6835,chr6,+,34240673,34240736
MI0022962,hsa-mir-7111,chr6,+,35470508,35470579
MI0019295,hsa-mir-5690,chr6,-,35664717,35664789
MI0016433,hsa-mir-3925,chr6,-,36622436,36622512
MI0016810,hsa-mir-4462,chr6,-,37555365,37555422
MI0033670,hsa-mir-9983,chr6,+,39074314,39074381
MI0017268,hsa-mir-4641,chr6,+,41598723,41598788
MI0033422,hsa-mir-10398,chr6,-,41733554,41733610
MI0022681,hsa-mir-6780b,chr6,+,43434542,43434620
MI0017274,hsa-mir-4647,chr6,-,44254206,44254285
MI0017269,hsa-mir-4642,chr6,+,44435641,44435722
MI0003594,hsa-mir-586,chr6,-,45197674,45197770
MI0000490,hsa-mir-206,chr6,+,52144349,52144434
MI0000822,hsa-mir-133b,chr6,+,52148923,52149041
MI0019287,hsa-mir-5685,chr6,+,53276993,53277071
MI0014168,hsa-mir-548u,chr6,+,57390132,57390212
MI0000254,hsa-mir-30c-2,chr6,-,71376960,71377031
MI0000088,hsa-mir-30a,chr6,-,71403551,71403621
MI0015890,hsa-mir-4282,chr6,-,72967687,72967753
MI0016811,hsa-mir-4463,chr6,+,75428407,75428473
MI0033671,hsa-mir-10524,chr6,-,78539263,78539309
MI0016812,hsa-mir-4464,chr6,+,90312742,90312833
MI0017270,hsa-mir-4643,chr6,+,91521660,91521737
MI0003939,hsa-mir-2113,chr6,+,98024531,98024621
MI0016813,hsa-mir-548ai,chr6,+,99124609,99124696
MI0003595,hsa-mir-587,chr6,+,106784125,106784220
MI0003596,hsa-mir-548b,chr6,-,119069047,119069143
MI0014169,hsa-mir-3144,chr6,+,120015179,120015257
MI0003597,hsa-mir-588,chr6,+,126484631,126484713
MI0016751,hsa-mir-548h-5,chr6,+,131792172,131792231
MI0016814,hsa-mir-548aj-1,chr6,-,132115192,132115263
MI0016063,hsa-mir-3662,chr6,-,134979338,134979432
MI0003598,hsa-mir-548a-2,chr6,+,135239160,135239256
MI0014170,hsa-mir-3145,chr6,-,138435213,138435294
MI0016069,hsa-mir-3668,chr6,+,140205252,140205326
MI0016816,hsa-mir-4465,chr6,+,140683814,140683883
MI0039733,hsa-mir-12131,chr6,+,151102675,151102776
MI0014171,hsa-mir-1273c,chr6,+,154853360,154853436
MI0006334,hsa-mir-1202,chr6,+,155946797,155946879
MI0016817,hsa-mir-4466,chr6,-,156779678,156779731
MI0016093,hsa-mir-3692,chr6,+,157529132,157529200
MI0023619,hsa-mir-7161,chr6,+,158609707,158609790
MI0016424,hsa-mir-3918,chr6,-,158764661,158764753
MI0008334,hsa-mir-1913,chr6,-,166509354,166509433
MI0016596,hsa-mir-3939,chr6,-,166997807,166997912
MI0017271,hsa-mir-4644,chr6,+,170330761,170330844
MI0000815,hsa-mir-339,chr7,-,1022933,1023026
MI0017283,hsa-mir-4655,chr7,-,1844180,1844253
MI0022682,hsa-mir-6836,chr7,-,2257515,2257577
MI0017275,hsa-mir-4648,chr7,+,2527074,2527145
MI0017284,hsa-mir-4656,chr7,-,4788565,4788639
MI0003599,hsa-mir-589,chr7,-,5495819,5495917
MI0022721,hsa-mir-6874,chr7,-,5711840,5711910
MI0016084,hsa-mir-3683,chr7,-,7066964,7067045
MI0006367,hsa-mir-1302-6,chr7,-,18127220,18127309
MI0014172,hsa-mir-3146,chr7,-,19705358,19705436
MI0006276,hsa-mir-1183,chr7,+,21471058,21471146
MI0000253,hsa-mir-148a,chr7,-,25949919,25949986
MI0001150,hsa-mir-196b,chr7,-,27169480,27169563
MI0003762,hsa-mir-550a-3,chr7,-,29680734,29680828
MI0003600,hsa-mir-550a-1,chr7,+,30289794,30289890
MI0016686,hsa-mir-550b-1,chr7,-,30289794,30289890
MI0016687,hsa-mir-550b-2,chr7,-,32732981,32733077
MI0003601,hsa-mir-550a-2,chr7,+,32732981,32733077
MI0006399,hsa-mir-548n,chr7,-,34940760,34940834
MI0006332,hsa-mir-1200,chr7,-,36919357,36919432
MI0016600,hsa-mir-3943,chr7,+,43150895,43150994
MI0022683,hsa-mir-6837,chr7,+,44051766,44051829
MI0022684,hsa-mir-6838,chr7,-,44073378,44073433
MI0017276,hsa-mir-4649,chr7,+,44110849,44110912
MI0017285,hsa-mir-4657,chr7,-,44881748,44881800
MI0015892,hsa-mir-4283-1,chr7,-,56955785,56955864
MI0014173,hsa-mir-3147,chr7,+,57405025,57405090
MI0015982,hsa-mir-4283-2,chr7,+,63621090,63621169
MI0022685,hsa-mir-6839,chr7,+,64679064,64679176
MI0017277,hsa-mir-4650-1,chr7,-,67114322,67114397
MI0016419,hsa-mir-3914-1,chr7,-,71307672,71307770
MI0016421,hsa-mir-3914-2,chr7,+,71307674,71307768
MI0017278,hsa-mir-4650-2,chr7,+,72697903,72697978
MI0015893,hsa-mir-4284,chr7,+,73711317,73711397
MI0003602,hsa-mir-590,chr7,+,74191198,74191294
MI0033672,hsa-mir-10525,chr7,+,74595968,74596026
MI0017279,hsa-mir-4651,chr7,+,75915197,75915269
MI0006346,hsa-mir-1285-1,chr7,-,92204015,92204098
MI0003674,hsa-mir-653,chr7,-,93482760,93482855
MI0003124,hsa-mir-489,chr7,-,93483936,93484019
MI0017280,hsa-mir-4652,chr7,+,93716928,93717005
MI0003603,hsa-mir-591,chr7,-,96219662,96219756
MI0019297,hsa-mir-5692a-1,chr7,+,97963658,97963726
MI0019289,hsa-mir-5692c-2,chr7,-,97964405,97964481
MI0015999,hsa-mir-3609,chr7,+,98881650,98881729
MI0039721,hsa-mir-12119,chr7,+,99409172,99409264
MI0000082,hsa-mir-25,chr7,-,100093560,100093643
MI0000095,hsa-mir-93,chr7,-,100093768,100093847
MI0000734,hsa-mir-106b,chr7,-,100093993,100094074
MI0017286,hsa-mir-4658,chr7,-,100156605,100156669
MI0022686,hsa-mir-6840,chr7,+,100356651,100356721
MI0022722,hsa-mir-6875,chr7,+,100868036,100868107
MI0017281,hsa-mir-4653,chr7,+,101159473,101159555
MI0015891,hsa-mir-4285,chr7,+,102293103,102293187
MI0006402,hsa-mir-548o,chr7,-,102405742,102405855
MI0017979,hsa-mir-5090,chr7,+,102465742,102465826
MI0016818,hsa-mir-4467,chr7,+,102471469,102471531
MI0016067,hsa-mir-3666,chr7,+,114653345,114653455
MI0021277,hsa-mir-6132,chr7,+,117020211,117020319
MI0003604,hsa-mir-592,chr7,-,127058088,127058184
MI0003605,hsa-mir-593,chr7,+,128081861,128081960
MI0000252,hsa-mir-129-1,chr7,+,128207872,128207943
MI0000272,hsa-mir-182,chr7,-,129770383,129770492
MI0000098,hsa-mir-96,chr7,-,129774692,129774769
MI0000273,hsa-mir-183,chr7,-,129774905,129775014
MI0000816,hsa-mir-335,chr7,+,130496111,130496204
MI0000087,hsa-mir-29a,chr7,-,130876747,130876810
MI0000105,hsa-mir-29b-1,chr7,-,130877459,130877539
MI0016054,hsa-mir-3654,chr7,-,133034860,133034915
MI0021278,hsa-mir-6133,chr7,+,133290881,133290988
MI0022221,hsa-mir-6509,chr7,-,135206994,135207078
MI0003125,hsa-mir-490,chr7,+,136903167,136903294
MI0016819,hsa-mir-4468,chr7,+,138123758,138123821
MI0033423,hsa-mir-10399,chr7,-,139044100,139044157
MI0036559,hsa-mir-11400,chr7,+,142474527,142474603
MI0022739,hsa-mir-6892,chr7,+,143382686,143382800
MI0006377,hsa-mir-548f-4,chr7,-,147378017,147378121
MI0003760,hsa-mir-671,chr7,+,151238421,151238538
MI0016410,hsa-mir-3907,chr7,-,151433489,151433639
MI0000464,hsa-mir-153-2,chr7,-,157574336,157574422
MI0003607,hsa-mir-595,chr7,-,158532718,158532813
MI0019315,hsa-mir-5707,chr7,+,158591616,158591696
MI0016075,hsa-mir-3674,chr8,+,1801125,1801192
MI0003608,hsa-mir-596,chr8,+,1817231,1817307
MI0023621,hsa-mir-7160,chr8,+,2076589,2076640
MI0025891,hsa-mir-8055,chr8,-,6622124,6622220
MI0017287,hsa-mir-4659a,chr8,+,6745164,6745244
MI0017291,hsa-mir-4659b,chr8,-,6745168,6745240
MI0006423,hsa-mir-548i-3,chr8,-,8088941,8089089
MI0017288,hsa-mir-4660,chr8,+,9048445,9048518
MI0003609,hsa-mir-597,chr8,+,9741672,9741768
MI0000443,hsa-mir-124-1,chr8,-,9903388,9903472
MI0015894,hsa-mir-4286,chr8,+,10666978,10667070
MI0006653,hsa-mir-1322,chr8,-,10825373,10825443
MI0003610,hsa-mir-598,chr8,-,11035206,11035302
MI0019298,hsa-mir-5692a-2,chr8,+,12719132,12719190
MI0016434,hsa-mir-3926-1,chr8,-,12727232,12727304
MI0016437,hsa-mir-3926-2,chr8,+,12727237,12727299
MI0000791,hsa-mir-383,chr8,-,14853438,14853510
MI0014174,hsa-mir-548v,chr8,-,17681578,17681657
MI0000542,hsa-mir-320a,chr8,-,22244966,22245037
MI0022687,hsa-mir-6841,chr8,-,24953796,24953867
MI0022723,hsa-mir-6876,chr8,+,25345402,25345474
MI0006414,hsa-mir-548h-4,chr8,-,27048853,27048963
MI0022688,hsa-mir-6842,chr8,+,27433370,27433434
MI0022689,hsa-mir-6843,chr8,-,27610601,27610751
MI0016014,hsa-mir-3622b,chr8,-,27701673,27701767
MI0016013,hsa-mir-3622a,chr8,+,27701677,27701759
MI0015895,hsa-mir-4287,chr8,-,27886039,27886116
MI0015896,hsa-mir-4288,chr8,-,28505116,28505182
MI0014175,hsa-mir-3148,chr8,-,29957272,29957348
MI0017871,hsa-mir-548ao,chr8,-,41271048,41271143
MI0002470,hsa-mir-486-1,chr8,-,41660441,41660508
MI0023622,hsa-mir-486-2,chr8,+,41660444,41660507
MI0016820,hsa-mir-4469,chr8,-,42896197,42896275
MI0016821,hsa-mir-4470,chr8,+,61714788,61714859
MI0000444,hsa-mir-124-2,chr8,+,64379149,64379257
MI0019281,hsa-mir-5681a,chr8,+,74548543,74548617
MI0019293,hsa-mir-5681b,chr8,-,74548550,74548609
MI0010486,hsa-mir-2052,chr8,+,74705693,74705747
MI0014176,hsa-mir-3149,chr8,-,76966768,76966850
MI0039725,hsa-mir-12123,chr8,+,79332188,79332274
MI0019316,hsa-mir-5708,chr8,+,80241389,80241473
MI0017289,hsa-mir-4661,chr8,+,91205485,91205559
MI0025920,hsa-mir-8084,chr8,+,93029751,93029839
MI0003840,hsa-mir-378d-2,chr8,-,93916022,93916119
MI0016426,hsa-mir-3150b,chr8,-,95072911,95072996
MI0014177,hsa-mir-3150a,chr8,+,95072914,95072993
MI0031831,hsa-mir-9903,chr8,-,98393645,98393738
MI0003611,hsa-mir-599,chr8,-,99536636,99536730
MI0005541,hsa-mir-875,chr8,-,99536786,99536861
MI0016822,hsa-mir-4471,chr8,+,100382763,100382845
MI0025241,hsa-mir-7705,chr8,-,100702968,100703024
MI0019280,hsa-mir-5680,chr8,+,102125432,102125515
MI0014178,hsa-mir-3151,chr8,+,103154614,103154689
MI0003612,hsa-mir-548a-3,chr8,-,104484369,104484465
MI0010487,hsa-mir-2053,chr8,+,112643493,112643583
MI0016000,hsa-mir-3610,chr8,-,116874728,116874800
MI0022212,hsa-mir-548az,chr8,+,119325171,119325265
MI0017292,hsa-mir-4663,chr8,-,123215788,123215863
MI0016689,hsa-mir-548aa-1,chr8,+,123348034,123348130
MI0003668,hsa-mir-548d-1,chr8,-,123348034,123348130
MI0022690,hsa-mir-6844,chr8,-,124508515,124508576
MI0017293,hsa-mir-4662b,chr8,-,124821978,124822058
MI0017290,hsa-mir-4662a,chr8,+,124821985,124822051
MI0006337,hsa-mir-1204,chr8,+,127795962,127796028
MI0006338,hsa-mir-1205,chr8,+,127960633,127960695
MI0006339,hsa-mir-1206,chr8,+,128008898,128008956
MI0006340,hsa-mir-1207,chr8,+,128049152,128049238
MI0006341,hsa-mir-1208,chr8,+,128150116,128150188
MI0016087,hsa-mir-3686,chr8,-,129484057,129484142
MI0018173,hsa-mir-5194,chr8,-,130008334,130008453
MI0025518,hsa-mir-7848,chr8,-,133046481,133046581
MI0000441,hsa-mir-30b,chr8,-,134800520,134800607
MI0000255,hsa-mir-30d,chr8,-,134804876,134804945
MI0000809,hsa-mir-151a,chr8,-,140732564,140732653
MI0006368,hsa-mir-1302-7,chr8,-,141786242,141786313
MI0016823,hsa-mir-4472-1,chr8,+,142176339,142176418
MI0017294,hsa-mir-4664,chr8,-,143733083,143733153
MI0005759,hsa-mir-937,chr8,-,143812957,143813042
MI0022691,hsa-mir-6845,chr8,-,143837756,143837816
MI0003669,hsa-mir-661,chr8,-,143945191,143945279
MI0022692,hsa-mir-6846,chr8,-,144057321,144057380
MI0022693,hsa-mir-6847,chr8,+,144079874,144079942
MI0022963,hsa-mir-7112,chr8,-,144262673,144262737
MI0022694,hsa-mir-6848,chr8,-,144317246,144317315
MI0005761,hsa-mir-939,chr8,-,144394149,144394230
MI0006324,hsa-mir-1234,chr8,-,144400086,144400165
MI0022695,hsa-mir-6849,chr8,-,144400277,144400345
MI0022740,hsa-mir-6893,chr8,-,144435551,144435619
MI0033424,hsa-mir-10400,chr8,-,144462485,144462539
MI0022696,hsa-mir-6850,chr8,-,144791931,144791991
MI0015978,hsa-mir-1302-9,chr9,+,30144,30281
MI0000739,hsa-mir-101-2,chr9,+,4850297,4850375
MI0017295,hsa-mir-4665,chr9,+,6007826,6007904
MI0014179,hsa-mir-3152,chr9,+,18573306,18573379
MI0016825,hsa-mir-4473,chr9,-,20411148,20411238
MI0016826,hsa-mir-4474,chr9,-,20502265,20502342
MI0003126,hsa-mir-491,chr9,+,20716105,20716188
MI0000089,hsa-mir-31,chr9,-,21512115,21512185
MI0005542,hsa-mir-876,chr9,-,28863626,28863706
MI0005564,hsa-mir-873,chr9,-,28888879,28888955
MI0039719,hsa-mir-12117,chr9,+,33108692,33108765
MI0022697,hsa-mir-6851,chr9,-,33467869,33467935
MI0017297,hsa-mir-4667,chr9,+,35608094,35608159
MI0022698,hsa-mir-6852,chr9,-,35710676,35710741
MI0022699,hsa-mir-6853,chr9,+,35732922,35732995
MI0016827,hsa-mir-4475,chr9,-,36823539,36823599
MI0016911,hsa-mir-4540,chr9,-,36864254,36864308
MI0016828,hsa-mir-4476,chr9,-,36893462,36893531
MI0006359,hsa-mir-1299,chr9,-,40929010,40929092
MI0016829,hsa-mir-4477a,chr9,+,41233755,41233835
MI0016830,hsa-mir-4477b,chr9,-,41233755,41233835
MI0016830_2,hsa-mir-4477b,chr9,+,63819574,63819654
MI0016829_2,hsa-mir-4477a,chr9,-,63819574,63819654
MI0000284,hsa-mir-204,chr9,-,70809975,70810084
MI0000263,hsa-mir-7-1,chr9,-,83969748,83969857
MI0015898,hsa-mir-4289,chr9,-,88745836,88745905
MI0014180,hsa-mir-3153,chr9,+,89312225,89312306
MI0015899,hsa-mir-4290,chr9,-,90023441,90023535
MI0016414,hsa-mir-3910-1,chr9,+,91636251,91636361
MI0016431,hsa-mir-3910-2,chr9,-,91636264,91636345
MI0016051,hsa-mir-3651,chr9,-,92292458,92292547
MI0017301,hsa-mir-4670,chr9,-,92527984,92528058
MI0019145,hsa-mir-548au,chr9,+,93594841,93594894
MI0015900,hsa-mir-4291,chr9,+,93819357,93819421
MI0000060,hsa-let-7a-1,chr9,+,94175957,94176036
MI0000067,hsa-let-7f-1,chr9,+,94176347,94176433
MI0000065,hsa-let-7d,chr9,+,94178834,94178920
MI0011285,hsa-mir-2278,chr9,+,94809962,94810057
MI0020358,hsa-mir-6081,chr9,+,95065350,95065446
MI0000439,hsa-mir-23b,chr9,+,95085208,95085304
MI0000440,hsa-mir-27b,chr9,+,95085445,95085541
MI0014181,hsa-mir-3074,chr9,-,95086014,95086094
MI0000080,hsa-mir-24-1,chr9,+,95086021,95086088
MI0006369,hsa-mir-1302-8,chr9,-,97363554,97363681
MI0022700,hsa-mir-6854,chr9,-,98229149,98229217
MI0025917,hsa-mir-8081,chr9,+,106600928,106601022
MI0000090,hsa-mir-32,chr9,-,109046229,109046298
MI0016435,hsa-mir-3927,chr9,-,109511475,109511545
MI0025238,hsa-mir-7702,chr9,-,111271156,111271214
MI0017298,hsa-mir-4668,chr9,+,111932100,111932169
MI0003513,hsa-mir-455,chr9,+,114209434,114209529
MI0000262,hsa-mir-147a,chr9,-,120244979,120245050
MI0016831,hsa-mir-4478,chr9,-,122120082,122120167
MI0003613,hsa-mir-600,chr9,-,123111546,123111643
MI0003614,hsa-mir-601,chr9,-,123402525,123402603
MI0023610,hsa-mir-7150,chr9,-,123485529,123485622
MI0000269,hsa-mir-181a-2,chr9,+,124692442,124692551
MI0000683,hsa-mir-181b-2,chr9,+,124693710,124693798
MI0016415,hsa-mir-3911,chr9,-,127690687,127690795
MI0016964,hsa-mir-3960,chr9,+,127785833,127785923
MI0013006,hsa-mir-2861,chr9,+,127785918,127786007
MI0017303,hsa-mir-4672,chr9,-,127869415,127869495
MI0000282,hsa-mir-199b,chr9,-,128244721,128244830
MI0014182,hsa-mir-3154,chr9,-,128244947,128245030
MI0000740,hsa-mir-219a-2,chr9,-,128392618,128392714
MI0017299,hsa-mir-219b,chr9,+,128392621,128392708
MI0022701,hsa-mir-6855,chr9,+,129869605,129869671
MI0039728,hsa-mir-12126,chr9,+,130241387,130241488
MI0022702,hsa-mir-6856,chr9,+,130626297,130626363
MI0019283,hsa-mir-548aw,chr9,+,132945707,132945771
MI0022724,hsa-mir-6877,chr9,+,133051996,133052059
MI0017300,hsa-mir-4669,chr9,+,134379411,134379472
MI0016832,hsa-mir-3689c,chr9,-,134849298,134849369
MI0016090,hsa-mir-3689a,chr9,-,134849487,134849564
MI0016834,hsa-mir-3689d-1,chr9,-,134849609,134849682
MI0016411,hsa-mir-3689b,chr9,-,134850125,134850272
MI0016835,hsa-mir-3689d-2,chr9,-,134850277,134850356
MI0016836,hsa-mir-3689e,chr9,-,134850570,134850641
MI0016837,hsa-mir-3689f,chr9,-,134850742,134850807
MI0017304,hsa-mir-4673,chr9,-,136519568,136519626
MI0017305,hsa-mir-4674,chr9,-,136546173,136546259
MI0000471,hsa-mir-126,chr9,+,136670602,136670686
MI0022557,hsa-mir-6722,chr9,-,136746893,136746970
MI0015897,hsa-mir-4292,chr9,+,136830957,136831023
MI0016838,hsa-mir-4479,chr9,+,136886733,136886803
MI0016012,hsa-mir-3621,chr9,-,137169186,137169270
MI0022965,hsa-mir-7114,chr9,-,137450026,137450086
MI0003615,hsa-mir-602,chr9,+,137838419,137838516
MI0016091,hsa-mir-3690-1,chrX,+,1293918,1293992
MI0020366,hsa-mir-6089-1,chrX,+,2609191,2609254
MI0017411,hsa-mir-4770,chrX,-,6383906,6383963
MI0017408,hsa-mir-4767,chrX,+,7147860,7147937
MI0003666,hsa-mir-651,chrX,+,8126965,8127061
MI0019286,hsa-mir-548ax,chrX,-,11318614,11318686
MI0020363,hsa-mir-6086,chrX,+,13590292,13590346
MI0016904,hsa-mir-548am,chrX,-,16627012,16627085
MI0017409,hsa-mir-4768,chrX,+,17425881,17425954
MI0016010,hsa-mir-23c,chrX,-,20017088,20017187
MI0021279,hsa-mir-6134,chrX,-,28495555,28495663
MI0019299,hsa-mir-4666b,chrX,+,29574278,29574358
MI0016420,hsa-mir-3915,chrX,-,32583656,32583752
MI0006378,hsa-mir-548f-5,chrX,-,32641474,32641559
MI0016815,hsa-mir-548aj-2,chrX,-,38023895,38023986
MI0016593,hsa-mir-3937,chrX,+,39661216,39661321
MI0016905,hsa-mir-1587,chrX,+,39837561,39837613
MI0000298,hsa-mir-221,chrX,-,45746157,45746266
MI0000299,hsa-mir-222,chrX,-,45747015,45747124
MI0017410,hsa-mir-4769,chrX,+,47587429,47587505
MI0003205,hsa-mir-532,chrX,+,50003148,50003238
MI0000484,hsa-mir-188,chrX,+,50003503,50003588
MI0003184,hsa-mir-500a,chrX,+,50008431,50008514
MI0000762,hsa-mir-362,chrX,+,50008964,50009028
MI0003185,hsa-mir-501,chrX,+,50009722,50009805
MI0015903,hsa-mir-500b,chrX,+,50010672,50010750
MI0003684,hsa-mir-660,chrX,+,50013241,50013337
MI0003186,hsa-mir-502,chrX,+,50014598,50014683
MI0025924,hsa-mir-8088,chrX,-,52336557,52336642
MI0022742,hsa-mir-6895,chrX,-,53195411,53195488
MI0022741,hsa-mir-6894,chrX,-,53198889,53198945
MI0022703,hsa-mir-6857,chrX,-,53405673,53405765
MI0000100,hsa-mir-98,chrX,-,53556223,53556341
MI0000068,hsa-let-7f-2,chrX,-,53557192,53557274
MI0016906,hsa-mir-4536-1,chrX,-,55451495,55451582
MI0019149,hsa-mir-4536-2,chrX,+,55451495,55451582
MI0003782,hsa-mir-1468,chrX,-,63786002,63786087
MI0000300,hsa-mir-223,chrX,+,66018870,66018979
MI0016436,hsa-mir-676,chrX,+,70022857,70022923
MI0003685,hsa-mir-421,chrX,-,74218377,74218461
MI0005566,hsa-mir-374b,chrX,-,74218547,74218618
MI0016684,hsa-mir-374c,chrX,+,74218549,74218618
MI0003516,hsa-mir-545,chrX,-,74287104,74287209
MI0000782,hsa-mir-374a,chrX,-,74287286,74287357
MI0001145,hsa-mir-384,chrX,-,76919273,76919360
MI0000824,hsa-mir-325,chrX,-,77005404,77005501
MI0015904,hsa-mir-4328,chrX,-,78901194,78901249
MI0006424,hsa-mir-548i-4,chrX,-,84225752,84225828
MI0006652,hsa-mir-1321,chrX,+,85835780,85835858
MI0000760,hsa-mir-361,chrX,-,85903636,85903707
MI0006400,hsa-mir-548m,chrX,-,95063141,95063226
MI0016907,hsa-mir-548an,chrX,+,106639814,106639896
MI0003667,hsa-mir-652,chrX,+,110055329,110055426
MI0016996,hsa-mir-3978,chrX,+,110082118,110082218
MI0015901,hsa-mir-4329,chrX,-,112780718,112780788
MI0003944,hsa-mir-764,chrX,+,114639435,114639519
MI0008333,hsa-mir-1912,chrX,+,114651544,114651623
MI0003758,hsa-mir-1264,chrX,+,114652655,114652723
MI0003938,hsa-mir-1298,chrX,+,114715233,114715344
MI0008332,hsa-mir-1911,chrX,+,114763184,114763263
MI0001637,hsa-mir-448,chrX,+,114823454,114823564
MI0006419,hsa-mir-1277,chrX,+,118386394,118386471
MI0003836,hsa-mir-766,chrX,-,119646738,119646848
MI0016073,hsa-mir-3672,chrX,+,121370972,121371053
MI0000764,hsa-mir-363,chrX,-,134169378,134169452
MI0000094,hsa-mir-92a-2,chrX,-,134169538,134169612
MI0000075,hsa-mir-19b-2,chrX,-,134169671,134169766
MI0001519,hsa-mir-20b,chrX,-,134169809,134169877
MI0001518,hsa-mir-18b,chrX,-,134170041,134170111
MI0000113,hsa-mir-106a,chrX,-,134170198,134170278
MI0005531,hsa-mir-450b,chrX,-,134540185,134540262
MI0001652,hsa-mir-450a-1,chrX,-,134540341,134540431
MI0003187,hsa-mir-450a-2,chrX,-,134540508,134540607
MI0003686,hsa-mir-542,chrX,-,134541341,134541437
MI0003188,hsa-mir-503,chrX,-,134546328,134546398
MI0001446,hsa-mir-424,chrX,-,134546614,134546711
MI0005756,hsa-mir-934,chrX,+,136550878,136550960
MI0003189,hsa-mir-504,chrX,-,138667711,138667793
MI0003190,hsa-mir-505,chrX,-,139924148,139924231
MI0008192,hsa-mir-320d-2,chrX,-,140926160,140926231
MI0022560,hsa-mir-892c,chrX,-,145992750,145992826
MI0005533,hsa-mir-890,chrX,-,145994275,145994351
MI0005537,hsa-mir-888,chrX,-,145994784,145994860
MI0005528,hsa-mir-892a,chrX,-,145996669,145996743
MI0005538,hsa-mir-892b,chrX,-,145997198,145997274
MI0005534,hsa-mir-891b,chrX,-,146001053,146001131
MI0005524,hsa-mir-891a,chrX,-,146027794,146027872
MI0006649,hsa-mir-513c,chrX,-,147189704,147189787
MI0006648,hsa-mir-513b,chrX,-,147199044,147199127
MI0003191,hsa-mir-513a-1,chrX,-,147213463,147213591
MI0003192,hsa-mir-513a-2,chrX,-,147225826,147225952
MI0003193,hsa-mir-506,chrX,-,147230720,147230843
MI0003194,hsa-mir-507,chrX,-,147230984,147231077
MI0003195,hsa-mir-508,chrX,-,147236913,147237027
MI0014251,hsa-mir-514b,chrX,-,147250151,147250230
MI0005530,hsa-mir-509-2,chrX,-,147258760,147258850
MI0005717,hsa-mir-509-3,chrX,-,147259652,147259726
MI0003196,hsa-mir-509-1,chrX,-,147260532,147260625
MI0003197,hsa-mir-510,chrX,-,147272335,147272408
MI0003198,hsa-mir-514a-1,chrX,-,147279247,147279344
MI0003199,hsa-mir-514a-2,chrX,-,147281943,147282030
MI0003200,hsa-mir-514a-3,chrX,-,147284641,147284728
MI0010633,hsa-mir-2114,chrX,+,150228004,150228083
MI0015902,hsa-mir-4330,chrX,+,151168222,151168326
MI0000301,hsa-mir-224,chrX,-,151958578,151958658
MI0001733,hsa-mir-452,chrX,-,151959628,151959712
MI0000111,hsa-mir-105-1,chrX,-,152392219,152392299
MI0003763,hsa-mir-767,chrX,-,152393421,152393529
MI0000112,hsa-mir-105-2,chrX,-,152394412,152394492
MI0039731,hsa-mir-12129,chrX,+,153335462,153335537
MI0014252,hsa-mir-3202-1,chrX,+,153981097,153981177
MI0014253,hsa-mir-3202-2,chrX,-,153981098,153981176
MI0012489,hsa-mir-718,chrX,-,154019920,154019989
MI0022704,hsa-mir-6858,chrX,+,154450320,154450386
MI0019134,hsa-mir-664b,chrX,+,154768596,154768656
MI0006277,hsa-mir-1184-1,chrX,-,154887360,154887458
MI0015971,hsa-mir-1184-2,chrX,-,155383100,155383198
MI0015972,hsa-mir-1184-3,chrX,+,155457517,155457615
MI0023561,hsa-mir-3690-2,chrY,+,1293918,1293992
MI0023563,hsa-mir-6089-2,chrY,+,2609191,2609254
MI0032313,hsa-mir-9985,chrY,+,4606120,4606228
MI0039722,hsa-mir-12120,chrY,+,13479177,13479266
